nome_municipio1,cod_municipio1,nome_municipio2,cod_municipio2,distanciaGeo,distanciaCos,distanciaHsin,distanciaMeeus,distanciaSvince
Aracaju,2800308,Aracaju,2800308,0.0,0.0,0.0,0.0,0.0
Belém,1501402,Aracaju,2800308,1639306.783062166,1643671.2735185684,1643671.2735185702,1639291.3532672746,1643671.2735185702
Belo Horizonte,3106200,Aracaju,2800308,1238024.3068905317,1242738.650908555,1242738.6509085568,1238014.4041487,1242738.6509085568
Boa Vista,1400100,Aracaju,2800308,3024026.044471164,3029030.9910774087,3029030.99107741,3024005.4386580726,3029030.99107741
Brasília,5300108,Aracaju,2800308,1293757.1674790585,1294958.941990512,1294958.9419905096,1293752.0891885303,1294958.9419905096
Campo Grande,5002704,Aracaju,2800308,2155618.809317193,2158308.870159908,2158308.8701599054,2155608.846740798,2158308.870159905
Cuiabá,5103403,Aracaju,2800308,2125487.7163457437,2125921.824360861,2125921.824360864,2125484.8831546884,2125921.824360864
Curitiba,4106902,Aracaju,2800308,2057335.449642248,2064238.341411566,2064238.3414115687,2057322.105233373,2064238.3414115687
Florianópolis,4205407,Aracaju,2800308,2203136.807236556,2211546.584935904,2211546.584935903,2203124.2977294163,2211546.5849359035
Fortaleza,2304400,Aracaju,2800308,811912.2485794317,817025.4922229277,817025.4922229352,811903.8808792622,817025.4922229347
Goiânia,5208707,Aracaju,2800308,1464809.2263328894,1466302.668890277,1466302.6688902772,1464803.1069295271,1466302.6688902774
João Pessoa,2507507,Aracaju,2800308,484529.5088859821,486879.1899922955,486879.1899923045,484524.2100454472,486879.1899923045
Macapá,1600303,Aracaju,2800308,1965942.5657820024,1970835.478761951,1970835.4787619517,1965924.7090399435,1970835.4787619517
Maceió,2704302,Aracaju,2800308,200542.4250939052,201137.06824130056,201137.0682412765,200540.56275969284,201137.0682412765
Manaus,1302603,Aracaju,2800308,2676350.6259984807,2678047.983346976,2678047.983346974,2676342.595769312,2678047.983346973
Natal,2408102,Aracaju,2800308,602038.1448448466,605500.8671277151,605500.8671277111,602031.752575086,605500.8671277111
Palmas,1721000,Aracaju,2800308,1237523.9894513742,1237413.3575816075,1237413.3575816066,1237524.067683792,1237413.3575816068
Porto Alegre,4314902,Aracaju,2800308,2574606.364161636,2583720.2257007533,2583720.2257007547,2574593.342071119,2583720.2257007537
Porto Velho,1100205,Aracaju,2800308,2951927.597239247,2951763.924270562,2951763.924270563,2951927.458721102,2951763.924270563
Recife,2611606,Aracaju,2800308,397600.1191467036,399218.2204795788,399218.22047957615,397595.8823191535,399218.2204795763
Rio Branco,1200401,Aracaju,2800308,3367654.701247969,3367305.17498714,3367305.174987141,3367655.167887217,3367305.17498714
Rio de Janeiro,3304557,Aracaju,2800308,1479760.81123144,1486662.7729980738,1486662.7729980743,1479751.0412395615,1486662.772998074
Salvador,2927408,Aracaju,2800308,276480.0804548869,277656.1569726163,277656.1569726265,276477.3814711207,277656.15697262663
São Luís,2111300,Aracaju,2800308,1221466.284019736,1226064.5670959174,1226064.5670959172,1221452.7401791676,1226064.5670959172
São Paulo,3550308,Aracaju,2800308,1727092.522452523,1733497.1561587343,1733497.1561587327,1727080.449288315,1733497.156158732
Teresina,2211001,Aracaju,2800308,901871.8109698182,904846.172888796,904846.1728887936,901862.534969572,904846.1728887936
Vitória,3205309,Aracaju,2800308,1097362.0918092616,1103248.69646574,1103248.696465745,1097354.752358434,1103248.696465745
Aracaju,2800308,Belém,1501402,1639306.783062166,1643671.2735185684,1643671.2735185702,1639291.3532672746,1643671.2735185702
Belém,1501402,Belém,1501402,0.0,0.0,0.0,0.0,0.0
Belo Horizonte,3106200,Belém,1501402,2101082.0008231625,2113586.507405434,2113586.5074054333,2101063.9116023206,2113586.5074054333
Boa Vista,1400100,Belém,1501402,1436256.2175429573,1437306.4212859543,1437306.4212859592,1436251.30755767,1437306.4212859587
Brasília,5300108,Belém,1501402,1585505.511644439,1595736.0708072234,1595736.0708072267,1585491.0595536542,1595736.0708072262
Campo Grande,5002704,Belém,1501402,2204631.988944673,2217199.5735948035,2217199.573594804,2204612.5957714985,2217199.5735948035
Cuiabá,5103403,Belém,1501402,1773574.6639860792,1782473.471451393,1782473.4714513945,1773555.5606540258,1782473.4714513945
Curitiba,4106902,Belém,1501402,2652899.057413214,2668967.48083596,2668967.480835963,2652882.3636985654,2668967.4808359616
Florianópolis,4205407,Belém,1501402,2892582.224644963,2909797.851070611,2909797.851070612,2892566.102639498,2909797.851070612
Fortaleza,2304400,Belém,1501402,1134063.89154986,1134427.597876047,1134427.597876049,1134062.101591299,1134427.5978760489
Goiânia,5208707,Belém,1501402,1686808.4181354677,1697629.8544242647,1697629.854424266,1686793.4120740057,1697629.854424266
João Pessoa,2507507,Belém,1501402,1636366.1081225162,1637938.6370013778,1637938.637001379,1636358.9881761495,1637938.637001379
Macapá,1600303,Belém,1501402,331059.2636110581,331613.1522128213,331613.1522128295,331056.93626789446,331613.15221282945
Maceió,2704302,Belém,1501402,1678703.8248652546,1681922.556022651,1681922.5560226515,1678691.0779043438,1681922.5560226515
Manaus,1302603,Belém,1501402,1295724.57746834,1295893.5910330135,1295893.5910330124,1295723.7167296663,1295893.5910330124
Natal,2408102,Belém,1501402,1552247.2176620355,1553221.6867034698,1553221.6867034724,1552242.606019691,1553221.6867034724
Palmas,1721000,Belém,1501402,971583.8484404134,978009.5540643652,978009.5540643672,971573.8437455692,978009.5540643669
Porto Alegre,4314902,Belém,1501402,3175737.041425607,3194056.305833434,3194056.305833436,3175721.5327444626,3194056.305833436
Porto Velho,1100205,Belém,1501402,1888926.9830747396,1891181.7565170687,1891181.756517071,1888917.118353408,1891181.7565170708
Recife,2611606,Belém,1501402,1676098.1038124252,1678178.495009856,1678178.4950098533,1676089.0369291503,1678178.4950098535
Rio Branco,1200401,Belém,1501402,2337807.315797911,2340251.781348629,2340251.781348632,2337796.447644854,2340251.781348632
Rio de Janeiro,3304557,Belém,1501402,2441852.2594930893,2456098.838348233,2456098.838348235,2441833.4217095533,2456098.8383482345
Salvador,2927408,Belém,1501402,1683723.859957129,1689995.2380789442,1689995.2380789458,1683705.564539918,1689995.2380789455
São Luís,2111300,Belém,1501402,483150.689142846,483349.226049729,483349.226049734,483149.7262465942,483349.22604973393
São Paulo,3550308,Belém,1501402,2450774.371209066,2465752.7709376705,2465752.7709376705,2450757.303646615,2465752.770937671
Teresina,2211001,Belém,1501402,748977.1829010003,750421.4267826386,750421.4267826391,748971.35292862,750421.4267826391
Vitória,3205309,Belém,1501402,2268056.4045783007,2280092.6279923897,2280092.6279923893,2268035.310498387,2280092.6279923897
Aracaju,2800308,Belo Horizonte,3106200,1238024.3068905317,1242738.650908555,1242738.6509085568,1238014.4041487,1242738.6509085568
Belém,1501402,Belo Horizonte,3106200,2101082.0008231625,2113586.507405434,2113586.5074054333,2101063.9116023206,2113586.5074054333
Belo Horizonte,3106200,Belo Horizonte,3106200,0.0,0.0,0.0,0.0,0.0
Boa Vista,1400100,Belo Horizonte,3106200,3110534.680663625,3123419.030440913,3123419.030440913,3110502.534045003,3123419.030440914
Brasília,5300108,Belo Horizonte,3106200,623659.915603048,625511.222673697,625511.2226737028,623655.7781690152,625511.2226737028
Campo Grande,5002704,Belo Horizonte,3106200,1120139.9793677274,1119712.59778076,1119712.5977807562,1120140.3966694218,1119712.5977807564
Cuiabá,5103403,Belo Horizonte,3106200,1375425.212480067,1376008.4681127626,1376008.4681127612,1375422.26050859,1376008.4681127612
Curitiba,4106902,Belo Horizonte,3106200,820247.6380876867,822443.2095908273,822443.2095908346,820244.2166177516,822443.2095908343
Florianópolis,4205407,Belo Horizonte,3106200,972485.9859198474,976155.5590586462,976155.5590586426,972483.4813043084,976155.5590586428
Fortaleza,2304400,Belo Horizonte,3106200,1884411.2807225368,1895037.499027009,1895037.4990270108,1884395.14097782,1895037.4990270108
Goiânia,5208707,Belo Horizonte,3106200,667576.3913230485,668516.2297708084,668516.229770808,667573.3479127607,668516.229770808
João Pessoa,2507507,Belo Horizonte,3106200,1720979.8917029838,1728041.44875189,1728041.448751888,1720964.6485024414,1728041.4487518885
Macapá,1600303,Belo Horizonte,3106200,2339756.540949928,2352923.8576930608,2352923.8576930608,2339734.6812670995,2352923.8576930617
Maceió,2704302,Belo Horizonte,3106200,1435258.856054105,1440566.8713393544,1440566.8713393512,1435246.9891225258,1440566.8713393516
Manaus,1302603,Belo Horizonte,3106200,2551059.089012451,2559369.6798525206,2559369.67985252,2551035.8928476404,2559369.67985252
Natal,2408102,Belo Horizonte,3106200,1825222.4603757097,1833418.7270033287,1833418.7270033315,1825205.9059723588,1833418.727003332
Palmas,1721000,Belo Horizonte,3106200,1170919.8208131746,1176779.2616004543,1176779.261600455,1170910.9931167678,1176779.2616004553
Porto Alegre,4314902,Belo Horizonte,3106200,1339779.974642746,1344161.4008057944,1344161.400805798,1339776.8784226896,1344161.400805798
Porto Velho,1100205,Belo Horizonte,3106200,2478679.3441227223,2482031.3030328234,2482031.3030328257,2478666.7984438185,2482031.3030328257
Recife,2611606,Belo Horizonte,3106200,1635475.9109245036,1641809.384563413,1641809.384563411,1635461.769789128,1641809.3845634114
Rio Branco,1200401,Belo Horizonte,3106200,2791317.077963775,2793402.5038707843,2793402.503870785,2791307.9701478854,2793402.503870785
Rio de Janeiro,3304557,Belo Horizonte,3106200,340885.69593357434,342626.5400041011,342626.54000411165,340884.9416082132,342626.54000411136
Salvador,2927408,Belo Horizonte,3106200,961647.2710148282,965186.1576883844,965186.1576883852,961640.0697383157,965186.1576883856
São Luís,2111300,Belo Horizonte,3106200,1922093.503856616,1934169.1591039065,1934169.1591039049,1922078.549923621,1934169.159103905
São Paulo,3550308,Belo Horizonte,3106200,489538.3550705974,491225.6900800054,491225.690080009,489536.1884395945,491225.6900800092
Teresina,2211001,Belo Horizonte,3106200,1643883.5749641575,1654042.7873846998,1654042.7873846986,1643871.57317629,1654042.787384699
Vitória,3205309,Belo Horizonte,3106200,380549.317219245,380430.18291095074,380430.18291095307,380549.3729958991,380430.1829109529
Aracaju,2800308,Boa Vista,1400100,3024026.044471164,3029030.9910774087,3029030.99107741,3024005.4386580726,3029030.99107741
Belém,1501402,Boa Vista,1400100,1436256.2175429573,1437306.4212859543,1437306.4212859592,1436251.30755767,1437306.4212859587
Belo Horizonte,3106200,Boa Vista,1400100,3110534.680663625,3123419.030440913,3123419.030440913,3110502.534045003,3123419.030440914
Boa Vista,1400100,Boa Vista,1400100,0.0,0.0,0.0,0.0,0.0
Brasília,5300108,Boa Vista,1400100,2490524.8939059656,2501571.3493775474,2501571.3493775465,2490496.9904322075,2501571.349377547
Campo Grande,5002704,Boa Vista,1400100,2657586.665066856,2673456.2525127144,2673456.252512713,2657562.3979154075,2673456.2525127125
Cuiabá,5103403,Boa Vista,1400100,2099189.5775502594,2112100.193110049,2112100.19311005,2099168.0689828973,2112100.19311005
Curitiba,4106902,Boa Vista,1400100,3358676.994948265,3376522.8934436752,3376522.8934436752,3358648.801611281,3376522.8934436752
Florianópolis,4205407,Boa Vista,1400100,3608372.506408488,3627308.9726793095,3627308.9726793095,3608344.59471272,3627308.9726793095
Fortaleza,2304400,Boa Vista,1400100,2566434.3271788764,2567800.678572086,2567800.678572089,2566427.794822617,2567800.6785720885
Goiânia,5208707,Boa Vista,1400100,2496090.187069448,2508172.0926400493,2508172.0926400474,2496062.607266217,2508172.0926400484
João Pessoa,2507507,Boa Vista,1400100,3071036.8914530776,3073644.9804609544,3073644.980460956,3071024.8856943524,3073644.980460956
Macapá,1600303,Boa Vista,1400100,1112484.1941906067,1113058.5834858904,1113058.583485892,1112481.4439770784,1113058.583485892
Maceió,2704302,Boa Vista,1400100,3091487.742177042,3095549.002601055,3095549.0026010554,3091470.185003577,3095549.002601056
Manaus,1302603,Boa Vista,1400100,661112.0317078526,665507.7892539806,665507.7892539816,661104.5127714487,665507.7892539816
Natal,2408102,Boa Vista,1400100,2988411.1162876347,2990434.270304626,2990434.270304629,2988401.6014705743,2990434.270304629
Palmas,1721000,Boa Vista,1400100,1987894.3842083267,1994864.5940444025,1994864.5940444032,1987872.2651156904,1994864.5940444032
Porto Alegre,4314902,Boa Vista,1400100,3772994.700367604,3793734.488632019,3793734.48863202,3772970.301505982,3793734.488632021
Porto Velho,1100205,Boa Vista,1400100,1330085.995427454,1338325.589653354,1338325.5896533516,1330070.6754368164,1338325.589653352
Recife,2611606,Boa Vista,1400100,3106500.1098660687,3109575.424660537,3109575.4246605374,3106486.211931497,3109575.424660538
Rio Branco,1200401,Boa Vista,1400100,1622164.540603104,1630383.2780865757,1630383.2780865736,1622144.8616256518,1630383.2780865736
Rio de Janeiro,3304557,Boa Vista,1400100,3421634.8997987267,3436354.8786525456,3436354.878652545,3421601.702110704,3436354.8786525456
Salvador,2927408,Boa Vista,1400100,3009566.594654133,3016177.8643158567,3016177.864315859,3009541.603961808,3016177.864315859
São Luís,2111300,Boa Vista,1400100,1918125.6657774344,1919359.201924248,1919359.2019242505,1918119.8424355888,1919359.2019242505
São Paulo,3550308,Boa Vista,1400100,3289156.473372956,3305205.465124823,3305205.465124825,3289125.6816814453,3305205.465124825
Teresina,2211001,Boa Vista,1400100,2171727.045211898,2174092.2033740897,2174092.20337409,2171716.440147985,2174092.20337409
Vitória,3205309,Boa Vista,1400100,3390725.865184368,3402889.6624662634,3402889.6624662643,3390692.213603468,3402889.6624662643
Aracaju,2800308,Brasília,5300108,1293757.1674790585,1294958.941990512,1294958.9419905096,1293752.0891885303,1294958.9419905096
Belém,1501402,Brasília,5300108,1585505.511644439,1595736.0708072234,1595736.0708072267,1585491.0595536542,1595736.0708072262
Belo Horizonte,3106200,Brasília,5300108,623659.915603048,625511.222673697,625511.2226737028,623655.7781690152,625511.2226737028
Boa Vista,1400100,Brasília,5300108,2490524.8939059656,2501571.3493775474,2501571.3493775465,2490496.9904322075,2501571.349377547
Brasília,5300108,Brasília,5300108,0.0,0.0,0.0,0.0,0.0
Campo Grande,5002704,Brasília,5300108,877181.2856332678,878752.0324227761,878752.0324227756,877176.6459930586,878752.0324227754
Cuiabá,5103403,Brasília,5300108,875726.8792537379,875515.2649480697,875515.2649480742,875727.1490904832,875515.2649480741
Curitiba,4106902,Brasília,5300108,1076284.963770033,1082067.346562615,1082067.3465626177,1076282.448141951,1082067.3465626177
Florianópolis,4205407,Brasília,5300108,1309816.6900392263,1316784.2695252683,1316784.269525264,1309814.9326066745,1316784.269525264
Fortaleza,2304400,Brasília,5300108,1684306.936138369,1691028.2926700397,1691028.292670036,1684289.489656627,1691028.2926700364
Goiânia,5208707,Brasília,5300108,174439.74297008215,174753.46227519837,174753.46227516944,174438.73763053323,174753.4622751695
João Pessoa,2507507,Brasília,5300108,1716568.8716725914,1719798.565314662,1719798.5653146638,1716557.1411872238,1719798.5653146638
Macapá,1600303,Brasília,5300108,1782820.9586697293,1793950.9204538343,1793950.9204538355,1782803.6246569203,1793950.920453836
Maceió,2704302,Brasília,5300108,1486339.585573811,1488070.7579768898,1488070.7579768875,1486332.586939277,1488070.7579768875
Manaus,1302603,Brasília,5300108,1927808.36019318,1934264.6306221392,1934264.63062214,1927789.3073470225,1934264.6306221404
Natal,2408102,Brasília,5300108,1775685.341286087,1779929.9873352994,1779929.9873352996,1775670.9884336763,1779929.9873352996
Palmas,1721000,Brasília,5300108,614581.5178200115,618382.1714058327,618382.1714058272,614577.0495723292,618382.1714058272
Porto Alegre,4314902,Brasília,5300108,1613520.2436914707,1621471.3914671491,1621471.3914671517,1613518.5346898558,1621471.391467151
Porto Velho,1100205,Brasília,5300108,1901685.8693716128,1903434.50417973,1903434.50417973,1901678.3478198864,1903434.50417973
Recife,2611606,Brasília,5300108,1658242.333176777,1660848.1075973231,1660848.1075973234,1658232.4392263205,1660848.1075973234
Rio Branco,1200401,Brasília,5300108,2251233.73844116,2252029.7339515747,2252029.7339515747,2251229.442766473,2252029.7339515747
Rio de Janeiro,3304557,Brasília,5300108,932755.076009398,936417.7239285962,936417.7239285927,932749.7925169164,936417.7239285924
Salvador,2927408,Brasília,5300108,1063139.8403239928,1063495.4064870968,1063495.4064870963,1063137.871376126,1063495.4064870966
São Luís,2111300,Brasília,5300108,1518139.0527940174,1527230.2610310577,1527230.2610310582,1518124.3824365623,1527230.2610310577
São Paulo,3550308,Brasília,5300108,868889.1454708398,873615.865030226,873615.8650302242,868886.4296070975,873615.8650302235
Teresina,2211001,Brasília,5300108,1308281.553446435,1315073.2451975408,1315073.2451975425,1308268.4646671857,1315073.2451975425
Vitória,3205309,Brasília,5300108,949673.690382439,950986.7540125786,950986.754012577,949669.3629230376,950986.7540125768
Aracaju,2800308,Campo Grande,5002704,2155618.809317193,2158308.870159908,2158308.8701599054,2155608.846740798,2158308.870159905
Belém,1501402,Campo Grande,5002704,2204631.988944673,2217199.5735948035,2217199.573594804,2204612.5957714985,2217199.5735948035
Belo Horizonte,3106200,Campo Grande,5002704,1120139.9793677274,1119712.59778076,1119712.5977807562,1120140.3966694218,1119712.5977807564
Boa Vista,1400100,Campo Grande,5002704,2657586.665066856,2673456.2525127144,2673456.252512713,2657562.3979154075,2673456.2525127125
Brasília,5300108,Campo Grande,5002704,877181.2856332678,878752.0324227761,878752.0324227756,877176.6459930586,878752.0324227754
Campo Grande,5002704,Campo Grande,5002704,0.0,0.0,0.0,0.0,0.0
Cuiabá,5103403,Campo Grande,5002704,558582.6876280492,561541.5374545305,561541.5374545229,558579.9289111075,561541.5374545227
Curitiba,4106902,Campo Grande,5002704,778163.7902922699,779994.2407319918,779994.2407319893,778160.6526392404,779994.2407319893
Florianópolis,4205407,Campo Grande,5002704,1004196.9442229426,1007143.0025765044,1007143.0025765036,1004193.6561719648,1007143.002576504
Fortaleza,2304400,Campo Grande,5002704,2543260.545460611,2551469.816678234,2551469.816678232,2543237.9379167324,2551469.816678232
Goiânia,5208707,Campo Grande,5002704,702846.8166944773,704103.8446857077,704103.8446857084,702843.1854098015,704103.8446857085
João Pessoa,2507507,Campo Grande,5002704,2591835.581333767,2596637.209610808,2596637.2096108072,2591819.1555769597,2596637.2096108072
Macapá,1600303,Campo Grande,5002704,2298837.2232440524,2312948.674046548,2312948.674046547,2298817.8919357145,2312948.674046547
Maceió,2704302,Campo Grande,5002704,2352327.6140182405,2355579.186672944,2355579.1866729413,2352315.753271324,2355579.186672942
Manaus,1302603,Campo Grande,5002704,2004475.828528251,2015907.5781411948,2015907.578141196,2004458.9340009843,2015907.578141196
Natal,2408102,Campo Grande,5002704,2652866.607536987,2658682.0197453136,2658682.019745314,2652847.635434082,2658682.019745314
Palmas,1721000,Campo Grande,5002704,1314672.026494615,1320426.3380494523,1320426.3380494486,1314661.677654119,1320426.3380494486
Porto Alegre,4314902,Campo Grande,5002704,1116013.20982028,1120884.7869098508,1120884.7869098485,1116013.0817286146,1120884.7869098487
Porto Velho,1100205,Campo Grande,5002704,1632746.6510732542,1638833.2210772643,1638833.221077265,1632733.0443973097,1638833.2210772643
Recife,2611606,Campo Grande,5002704,2530393.194066908,2534557.602211896,2534557.602211895,2530378.528869536,2534557.602211895
Rio Branco,1200401,Campo Grande,5002704,1829092.535915641,1833261.529945929,1833261.529945932,1829080.0372638104,1833261.529945932
Rio de Janeiro,3304557,Campo Grande,5002704,1213499.4524354322,1213302.5119016226,1213302.5119016212,1213498.9047118924,1213302.5119016217
Salvador,2927408,Campo Grande,5002704,1906913.7754144375,1908601.417629472,1908601.41762947,1906907.0100329728,1908601.41762947
São Luís,2111300,Campo Grande,5002704,2277753.7533302857,2288469.3825471173,2288469.3825471154,2277732.153037103,2288469.3825471154
São Paulo,3550308,Campo Grande,5002704,892782.2382596058,893121.1720875723,893121.1720875682,892780.5709520383,893121.1720875681
Teresina,2211001,Campo Grande,5002704,2126930.271661897,2135204.099238769,2135204.0992387664,2126910.938742398,2135204.099238767
Vitória,3205309,Campo Grande,5002704,1494151.202681503,1493545.3208559365,1493545.320855933,1494151.8485254347,1493545.320855933
Aracaju,2800308,Cuiabá,5103403,2125487.7163457437,2125921.824360861,2125921.824360864,2125484.8831546884,2125921.824360864
Belém,1501402,Cuiabá,5103403,1773574.6639860792,1782473.471451393,1782473.4714513945,1773555.5606540258,1782473.4714513945
Belo Horizonte,3106200,Cuiabá,5103403,1375425.212480067,1376008.4681127626,1376008.4681127612,1375422.26050859,1376008.4681127612
Boa Vista,1400100,Cuiabá,5103403,2099189.5775502594,2112100.193110049,2112100.19311005,2099168.0689828973,2112100.19311005
Brasília,5300108,Cuiabá,5103403,875726.8792537379,875515.2649480697,875515.2649480742,875727.1490904832,875515.2649480741
Campo Grande,5002704,Cuiabá,5103403,558582.6876280492,561541.5374545305,561541.5374545229,558579.9289111075,561541.5374545227
Cuiabá,5103403,Cuiabá,5103403,0.0,0.0,0.0,0.0,0.0
Curitiba,4106902,Cuiabá,5103403,1299133.0293931526,1303960.4052612884,1303960.4052612905,1299126.5123599414,1303960.4052612905
Florianópolis,4205407,Cuiabá,5103403,1539934.466028677,1545877.4147214924,1545877.4147214964,1539928.1477619382,1545877.4147214962
Fortaleza,2304400,Cuiabá,5103403,2329141.5514011453,2333749.3949771696,2333749.3949771686,2329124.5310543315,2333749.3949771696
Goiânia,5208707,Cuiabá,5103403,740609.0374313851,740538.7752470999,740538.7752471043,740608.8082047844,740538.7752471043
João Pessoa,2507507,Cuiabá,5103403,2497888.861988597,2499838.7995935623,2499838.7995935646,2497880.092741857,2499838.799593564
Macapá,1600303,Cuiabá,5103403,1815551.4215287943,1826238.1520771852,1826238.1520771864,1815532.771876436,1826238.1520771864
Maceió,2704302,Cuiabá,5103403,2305956.537208278,2306783.6887999186,2306783.6887999177,2305952.099551182,2306783.6887999168
Manaus,1302603,Cuiabá,5103403,1446085.1132197296,1454556.2337567378,1454556.2337567357,1446070.9707525638,1454556.2337567357
Natal,2408102,Cuiabá,5103403,2527417.471511629,2530138.602263088,2530138.6022630883,2527405.934800322,2530138.602263089
Palmas,1721000,Cuiabá,5103403,1028054.9169191052,1030074.2149989324,1030074.2149989316,1028047.9344338625,1030074.2149989316
Porto Alegre,4314902,Cuiabá,5103403,1674549.7584581317,1682379.873465888,1682379.8734658896,1674546.8713147214,1682379.8734658894
Porto Velho,1100205,Cuiabá,5103403,1136932.4846036592,1140003.8768447891,1140003.8768447947,1136922.986060317,1140003.876844795
Recife,2611606,Cuiabá,5103403,2456496.121927355,2457978.8566663004,2457978.856666299,2456489.109931522,2457978.8566662995
Rio Branco,1200401,Cuiabá,5103403,1416616.3836375815,1418136.4848735912,1418136.4848735936,1416610.1216350747,1418136.4848735936
Rio de Janeiro,3304557,Cuiabá,5103403,1577733.4020534777,1579650.087311856,1579650.0873118574,1577727.092767019,1579650.0873118574
Salvador,2927408,Cuiabá,5103403,1920127.2951832449,1920014.7420589607,1920014.7420589628,1920126.6702270051,1920014.7420589628
São Luís,2111300,Cuiabá,5103403,1940745.9651972048,1947606.7551567524,1947606.755156754,1940726.213178908,1947606.7551567536
São Paulo,3550308,Cuiabá,5103403,1324188.9065896217,1327170.535821871,1327170.5358218756,1324181.7464211537,1327170.535821875
Teresina,2211001,Cuiabá,5103403,1861264.2724877584,1865778.6441122333,1865778.6441122345,1861248.947980184,1865778.6441122345
Vitória,3205309,Cuiabá,5103403,1750514.55240726,1750905.835979047,1750905.8359790486,1750511.8956087604,1750905.8359790484
Aracaju,2800308,Curitiba,4106902,2057335.449642248,2064238.341411566,2064238.3414115687,2057322.105233373,2064238.3414115687
Belém,1501402,Curitiba,4106902,2652899.057413214,2668967.48083596,2668967.480835963,2652882.3636985654,2668967.4808359616
Belo Horizonte,3106200,Curitiba,4106902,820247.6380876867,822443.2095908273,822443.2095908346,820244.2166177516,822443.2095908343
Boa Vista,1400100,Curitiba,4106902,3358676.994948265,3376522.8934436752,3376522.8934436752,3358648.801611281,3376522.8934436752
Brasília,5300108,Curitiba,4106902,1076284.963770033,1082067.346562615,1082067.3465626177,1076282.448141951,1082067.3465626177
Campo Grande,5002704,Curitiba,4106902,778163.7902922699,779994.2407319918,779994.2407319893,778160.6526392404,779994.2407319893
Cuiabá,5103403,Curitiba,4106902,1299133.0293931526,1303960.4052612884,1303960.4052612905,1299126.5123599414,1303960.4052612905
Curitiba,4106902,Curitiba,4106902,0.0,0.0,0.0,0.0,0.0
Florianópolis,4205407,Curitiba,4106902,251351.9936556326,252430.5468072685,252430.54680726049,251352.24161745328,252430.54680726072
Fortaleza,2304400,Curitiba,4106902,2661412.4076293926,2674292.360655044,2674292.360655044,2661392.2373235323,2674292.3606550447
Goiânia,5208707,Curitiba,4106902,966922.9006103642,972164.2455449236,972164.245544925,966921.1846592908,972164.2455449252
João Pessoa,2507507,Curitiba,4106902,2539035.4721993986,2548280.0235698484,2548280.02356985,2539016.752412242,2548280.02356985
Macapá,1600303,Curitiba,4106902,2823072.4815206127,2840216.4239561846,2840216.423956185,2823053.752398141,2840216.423956185
Maceió,2704302,Curitiba,4106902,2255202.8351604384,2262702.0619589044,2262702.0619589067,2255187.54921742,2262702.0619589067
Manaus,1302603,Curitiba,4106902,2723255.915116007,2736596.900464003,2736596.9004640025,2723235.044462344,2736596.9004640025
Natal,2408102,Curitiba,4106902,2638977.552924636,2649351.0058078878,2649351.005807888,2638957.403699072,2649351.005807888
Palmas,1721000,Curitiba,4106902,1682862.4567307516,1692495.4569056896,1692495.4569056896,1682855.7192215468,1692495.456905689
Porto Alegre,4314902,Curitiba,4106902,545773.7280788888,547903.3089651227,547903.3089651355,545774.3991807734,547903.3089651352
Porto Velho,1100205,Curitiba,4106902,2408878.582919448,2416781.4645162635,2416781.4645162667,2408861.791286021,2416781.4645162667
Recife,2611606,Curitiba,4106902,2454928.394788735,2463449.8120475244,2463449.812047523,2454910.820211671,2463449.812047523
Rio Branco,1200401,Curitiba,4106902,2600933.986955755,2606936.460515404,2606936.460515404,2600918.1661830745,2606936.460515404
Rio de Janeiro,3304557,Curitiba,4106902,675794.1324772454,676055.694956754,676055.694956754,675792.963346484,676055.6949567543
Salvador,2927408,Curitiba,4106902,1781235.4862113292,1786964.8605564246,1786964.8605564253,1781224.849588648,1786964.8605564258
São Luís,2111300,Curitiba,4106902,2587508.612036184,2602427.694529933,2602427.694529931,2587491.6076865145,2602427.6945299315
São Paulo,3550308,Curitiba,4106902,338339.80117622553,338866.602125472,338866.6021254761,338338.7550769045,338866.6021254763
Teresina,2211001,Curitiba,4106902,2352795.289192121,2365540.623036218,2365540.623036219,2352780.1268098587,2365540.6230362197
Vitória,3205309,Curitiba,4106902,1078098.799132866,1079249.8865232822,1079249.8865232847,1078095.5167080672,1079249.886523285
Aracaju,2800308,Florianópolis,4205407,2203136.807236556,2211546.584935904,2211546.584935903,2203124.2977294163,2211546.5849359035
Belém,1501402,Florianópolis,4205407,2892582.224644963,2909797.851070611,2909797.851070612,2892566.102639498,2909797.851070612
Belo Horizonte,3106200,Florianópolis,4205407,972485.9859198474,976155.5590586462,976155.5590586426,972483.4813043084,976155.5590586428
Boa Vista,1400100,Florianópolis,4205407,3608372.506408488,3627308.9726793095,3627308.9726793095,3608344.59471272,3627308.9726793095
Brasília,5300108,Florianópolis,4205407,1309816.6900392263,1316784.2695252683,1316784.269525264,1309814.9326066745,1316784.269525264
Campo Grande,5002704,Florianópolis,4205407,1004196.9442229426,1007143.0025765044,1007143.0025765036,1004193.6561719648,1007143.002576504
Cuiabá,5103403,Florianópolis,4205407,1539934.466028677,1545877.4147214924,1545877.4147214964,1539928.1477619382,1545877.4147214962
Curitiba,4106902,Florianópolis,4205407,251351.9936556326,252430.5468072685,252430.54680726049,251352.24161745328,252430.54680726072
Florianópolis,4205407,Florianópolis,4205407,0.0,0.0,0.0,0.0,0.0
Fortaleza,2304400,Florianópolis,4205407,2848318.996194836,2862628.89565938,2862628.895659378,2848300.291538183,2862628.8956593783
Goiânia,5208707,Florianópolis,4205407,1210153.7689329488,1216519.9902580848,1216519.9902580846,1210152.5131470033,1216519.9902580848
João Pessoa,2507507,Florianópolis,4205407,2687572.4566273093,2698330.3887080685,2698330.388708067,2687554.6503040874,2698330.388708067
Macapá,1600303,Florianópolis,4205407,3069227.1623476427,3087477.093282147,3087477.093282147,3069208.8003852186,3087477.093282147
Maceió,2704302,Florianópolis,4205407,2397035.8015349507,2406046.594977012,2406046.5949770096,2397021.256720381,2406046.5949770096
Manaus,1302603,Florianópolis,4205407,2970810.286388622,2985251.695334581,2985251.6953345817,2970789.700219818,2985251.6953345817
Natal,2408102,Florianópolis,4205407,2795919.513770544,2807798.8911549104,2807798.891154912,2795900.4656724087,2807798.8911549114
Palmas,1721000,Florianópolis,4205407,1921210.151725505,1931998.69784783,1931998.6978478269,1921204.0275186896,1931998.697847828
Porto Alegre,4314902,Florianópolis,4205407,374577.07164226007,375293.98475553136,375293.98475552857,374576.6379331505,375293.9847555285
Porto Velho,1100205,Florianópolis,4205407,2636500.688418216,2645539.31865016,2645539.3186501614,2636483.8097497667,2645539.318650162
Recife,2611606,Florianópolis,4205407,2598883.233063805,2608919.142691218,2608919.1426912155,2598866.4581769654,2608919.142691216
Rio Branco,1200401,Florianópolis,4205407,2808236.168859405,2815346.331810965,2815346.331810964,2808219.661386906,2815346.331810964
Rio de Janeiro,3304557,Florianópolis,4205407,747568.045347991,749095.9998729946,749095.9998729924,747565.8691578639,749095.9998729926
Salvador,2927408,Florianópolis,4205407,1927036.003692778,1934266.9189979653,1934266.9189979676,1927026.1933313224,1934266.9189979676
São Luís,2111300,Florianópolis,4205407,2809722.069741853,2825898.1367963003,2825898.136796299,2809706.147521281,2825898.1367963
São Paulo,3550308,Florianópolis,4205407,489075.8029460772,491039.6541817936,491039.6541817973,489075.5188865071,491039.654181798
Teresina,2211001,Florianópolis,4205407,2563777.4799219426,2577842.419528312,2577842.419528314,2563763.6217461457,2577842.419528313
Vitória,3205309,Florianópolis,4205407,1162266.8333697163,1164769.7322215424,1164769.7322215412,1162262.7321522192,1164769.7322215417
Aracaju,2800308,Fortaleza,2304400,811912.2485794317,817025.4922229277,817025.4922229352,811903.8808792622,817025.4922229347
Belém,1501402,Fortaleza,2304400,1134063.89154986,1134427.597876047,1134427.597876049,1134062.101591299,1134427.5978760489
Belo Horizonte,3106200,Fortaleza,2304400,1884411.2807225368,1895037.499027009,1895037.4990270108,1884395.14097782,1895037.4990270108
Boa Vista,1400100,Fortaleza,2304400,2566434.3271788764,2567800.678572086,2567800.678572089,2566427.794822617,2567800.6785720885
Brasília,5300108,Fortaleza,2304400,1684306.936138369,1691028.2926700397,1691028.292670036,1684289.489656627,1691028.2926700364
Campo Grande,5002704,Fortaleza,2304400,2543260.545460611,2551469.816678234,2551469.816678232,2543237.9379167324,2551469.816678232
Cuiabá,5103403,Fortaleza,2304400,2329141.5514011453,2333749.3949771696,2333749.3949771686,2329124.5310543315,2333749.3949771696
Curitiba,4106902,Fortaleza,2304400,2661412.4076293926,2674292.360655044,2674292.360655044,2661392.2373235323,2674292.3606550447
Florianópolis,4205407,Fortaleza,2304400,2848318.996194836,2862628.89565938,2862628.895659378,2848300.291538183,2862628.8956593783
Fortaleza,2304400,Fortaleza,2304400,0.0,0.0,0.0,0.0,0.0
Goiânia,5208707,Fortaleza,2304400,1852512.4292431583,1859525.1940082395,1859525.1940082384,1852493.789643909,1859525.1940082384
João Pessoa,2507507,Fortaleza,2304400,554398.2333095006,556085.333999982,556085.3339999804,554392.5009917789,556085.3339999805
Macapá,1600303,Fortaleza,2304400,1453978.1396181765,1454770.394444642,1454770.3944446424,1453974.356623505,1454770.394444642
Maceió,2704302,Fortaleza,2304400,727419.7233023344,731339.432162867,731339.4321628659,727411.3451637595,731339.432162866
Manaus,1302603,Fortaleza,2304400,2387650.7066037166,2387634.576603452,2387634.576603453,2387650.6923161685,2387634.576603453
Natal,2408102,Fortaleza,2304400,436273.4150830528,437074.3281154998,437074.3281155096,436270.1735472125,437074.32811550953
Palmas,1721000,Fortaleza,2304400,1301925.8756606623,1304514.62911127,1304514.6291112695,1301915.8636177124,1304514.6291112695
Porto Alegre,4314902,Fortaleza,2304400,3203592.9448299203,3218627.1688902606,3218627.168890262,3203573.49467704,3218627.168890262
Porto Velho,1100205,Fortaleza,2304400,2859904.984787296,2860512.517489594,2860512.517489594,2859901.724672509,2860512.517489594
Recife,2611606,Fortaleza,2304400,627648.3174672296,630063.6124814426,630063.6124814429,627641.1575449909,630063.612481443
Rio Branco,1200401,Fortaleza,2304400,3307603.92241526,3308400.5710644093,3308400.571064411,3307599.659908874,3308400.5710644107
Rio de Janeiro,3304557,Fortaleza,2304400,2182419.393121443,2195046.504306011,2195046.504306012,2182403.6220479542,2195046.504306012
Salvador,2927408,Fortaleza,2304400,1023630.5067523548,1030289.6684938566,1030289.668493858,1023620.8676070448,1030289.6684938584
São Luís,2111300,Fortaleza,2304400,651197.4805548922,651366.5260436067,651366.5260436044,651196.6367127739,651366.5260436045
São Paulo,3550308,Fortaleza,2304400,2359245.8742158557,2371591.6695157997,2371591.6695157997,2359227.4469134165,2371591.6695157997
Teresina,2211001,Fortaleza,2304400,496790.80279311846,497093.76128787926,497093.76128787774,496789.3652336487,497093.76128787774
Vitória,3205309,Fortaleza,2304400,1846337.331269538,1857725.4562861084,1857725.4562861095,1846323.3966708104,1857725.4562861095
Aracaju,2800308,Goiânia,5208707,1464809.2263328894,1466302.668890277,1466302.6688902772,1464803.1069295271,1466302.6688902774
Belém,1501402,Goiânia,5208707,1686808.4181354677,1697629.8544242647,1697629.854424266,1686793.4120740057,1697629.854424266
Belo Horizonte,3106200,Goiânia,5208707,667576.3913230485,668516.2297708084,668516.229770808,667573.3479127607,668516.229770808
Boa Vista,1400100,Goiânia,5208707,2496090.187069448,2508172.0926400493,2508172.0926400474,2496062.607266217,2508172.0926400484
Brasília,5300108,Goiânia,5208707,174439.74297008215,174753.46227519837,174753.46227516944,174438.73763053323,174753.4622751695
Campo Grande,5002704,Goiânia,5208707,702846.8166944773,704103.8446857077,704103.8446857084,702843.1854098015,704103.8446857085
Cuiabá,5103403,Goiânia,5208707,740609.0374313851,740538.7752470999,740538.7752471043,740608.8082047844,740538.7752471043
Curitiba,4106902,Goiânia,5208707,966922.9006103642,972164.2455449236,972164.245544925,966921.1846592908,972164.2455449252
Florianópolis,4205407,Goiânia,5208707,1210153.7689329488,1216519.9902580848,1216519.9902580846,1210152.5131470033,1216519.9902580848
Fortaleza,2304400,Goiânia,5208707,1852512.4292431583,1859525.1940082395,1859525.1940082384,1852493.789643909,1859525.1940082384
Goiânia,5208707,Goiânia,5208707,0.0,0.0,0.0,0.0,0.0
João Pessoa,2507507,Goiânia,5208707,1890813.395261376,1894357.0036296623,1894357.0036296656,1890800.653674244,1894357.0036296656
Macapá,1600303,Goiânia,5208707,1860042.6729874408,1871919.019592964,1871919.0195929664,1860025.5303576188,1871919.0195929664
Maceió,2704302,Goiânia,5208707,1658539.6218522969,1660572.0368360349,1660572.0368360349,1658531.5825108786,1660572.0368360349
Manaus,1302603,Goiânia,5208707,1907047.8400378395,1914529.501675706,1914529.5016757047,1907028.3388889816,1914529.5016757047
Natal,2408102,Goiânia,5208707,1950049.247334964,1954606.316779615,1954606.316779618,1950033.8922372733,1954606.316779618
Palmas,1721000,Goiânia,5208707,719944.9708782338,724310.5060343083,724310.5060343058,719939.8214586054,724310.5060343058
Porto Alegre,4314902,Goiânia,5208707,1491224.6990059826,1498710.6527095323,1498710.6527095337,1491224.140171911,1498710.6527095337
Porto Velho,1100205,Goiânia,5208707,1813818.0622467012,1816235.5964362728,1816235.5964362745,1813808.6242990664,1816235.5964362745
Recife,2611606,Goiânia,5208707,1831882.900649929,1834799.7778526184,1834799.777852618,1831871.981711629,1834799.777852618
Rio Branco,1200401,Goiânia,5208707,2141789.927424114,2143047.3743279306,2143047.374327932,2141783.9890308846,2143047.374327932
Rio de Janeiro,3304557,Goiânia,5208707,937140.9276417588,939804.037846782,939804.037846782,937135.6279646738,939804.0378467818
Salvador,2927408,Goiânia,5208707,1228913.9682779675,1229511.1001252204,1229511.1001252192,1228911.027639018,1229511.1001252194
São Luís,2111300,Goiânia,5208707,1657175.947845309,1666630.9598563816,1666630.9598563807,1657159.7690742817,1666630.959856381
São Paulo,3550308,Goiânia,5208707,806045.4137147872,809955.0485533876,809955.0485533924,806042.2550385798,809955.0485533923
Teresina,2211001,Goiânia,5208707,1463547.7443269617,1470642.6291699817,1470642.629169984,1463533.166552807,1470642.6291699845
Vitória,3205309,Goiânia,5208707,1026819.763467874,1027427.1603939756,1027427.1603939772,1026817.091387356,1027427.160393977
Aracaju,2800308,João Pessoa,2507507,484529.5088859821,486879.1899922955,486879.1899923045,484524.2100454472,486879.1899923045
Belém,1501402,João Pessoa,2507507,1636366.1081225162,1637938.6370013778,1637938.637001379,1636358.9881761495,1637938.637001379
Belo Horizonte,3106200,João Pessoa,2507507,1720979.8917029838,1728041.44875189,1728041.448751888,1720964.6485024414,1728041.4487518885
Boa Vista,1400100,João Pessoa,2507507,3071036.8914530776,3073644.9804609544,3073644.980460956,3071024.8856943524,3073644.980460956
Brasília,5300108,João Pessoa,2507507,1716568.8716725914,1719798.565314662,1719798.5653146638,1716557.1411872238,1719798.5653146638
Campo Grande,5002704,João Pessoa,2507507,2591835.581333767,2596637.209610808,2596637.2096108072,2591819.1555769597,2596637.2096108072
Cuiabá,5103403,João Pessoa,2507507,2497888.861988597,2499838.7995935623,2499838.7995935646,2497880.092741857,2499838.799593564
Curitiba,4106902,João Pessoa,2507507,2539035.4721993986,2548280.0235698484,2548280.02356985,2539016.752412242,2548280.02356985
Florianópolis,4205407,João Pessoa,2507507,2687572.4566273093,2698330.3887080685,2698330.388708067,2687554.6503040874,2698330.388708067
Fortaleza,2304400,João Pessoa,2507507,554398.2333095006,556085.333999982,556085.3339999804,554392.5009917789,556085.3339999805
Goiânia,5208707,João Pessoa,2507507,1890813.395261376,1894357.0036296623,1894357.0036296656,1890800.653674244,1894357.0036296656
João Pessoa,2507507,João Pessoa,2507507,0.0,0.0,0.0,0.0,0.0
Macapá,1600303,João Pessoa,2507507,1965394.597090937,1967499.7344610528,1967499.734461054,1965385.179729171,1967499.7344610533
Maceió,2704302,João Pessoa,2507507,297981.29563927324,299721.956069065,299721.9560690709,297978.1546642584,299721.9560690708
Manaus,1302603,João Pessoa,2507507,2823432.166765876,2823817.1090712124,2823817.109071213,2823430.0460121413,2823817.1090712124
Natal,2408102,João Pessoa,2507507,150755.96148385902,151692.41939603174,151692.4193960317,150754.3218942803,151692.41939603176
Palmas,1721000,João Pessoa,2507507,1524236.1702003723,1524636.4578985004,1524636.457898498,1524233.990308909,1524636.4578984985
Porto Alegre,4314902,João Pessoa,2507507,3058766.540576485,3070226.397056031,3070226.3970560315,3058748.215260404,3070226.3970560324
Porto Velho,1100205,João Pessoa,2507507,3205868.166202464,3205731.467662402,3205731.467662404,3205868.1640527504,3205731.467662404
Recife,2611606,João Pessoa,2507507,103035.69239309114,103711.81906040756,103711.81906037669,103034.67561586828,103711.81906037671
Rio Branco,1200401,João Pessoa,2507507,3640872.4794810098,3640783.004612701,3640783.004612702,3640872.046724478,3640783.004612702
Rio de Janeiro,3304557,João Pessoa,2507507,1962986.100112562,1972244.3134360812,1972244.3134360823,1962971.0250636395,1972244.3134360823
Salvador,2927408,João Pessoa,2507507,760568.4906565342,764094.2940937884,764094.2940937935,760560.4821187186,764094.2940937936
São Luís,2111300,João Pessoa,2507507,1160609.4406322786,1162059.71593651,1162059.7159365078,1160603.1233631636,1162059.715936508
São Paulo,3550308,João Pessoa,2507507,2210401.4305732786,2219152.118031266,2219152.1180312675,2210384.026935202,2219152.1180312675
Teresina,2211001,João Pessoa,2507507,906801.4375705814,907135.7454245551,907135.7454245572,906799.764891484,907135.7454245572
Vitória,3205309,João Pessoa,2507507,1574360.1294682156,1582627.719946403,1582627.7199464063,1574347.4781909585,1582627.719946406
Aracaju,2800308,Macapá,1600303,1965942.5657820024,1970835.478761951,1970835.4787619517,1965924.7090399435,1970835.4787619517
Belém,1501402,Macapá,1600303,331059.2636110581,331613.1522128213,331613.1522128295,331056.93626789446,331613.15221282945
Belo Horizonte,3106200,Macapá,1600303,2339756.540949928,2352923.8576930608,2352923.8576930608,2339734.6812670995,2352923.8576930617
Boa Vista,1400100,Macapá,1600303,1112484.1941906067,1113058.5834858904,1113058.583485892,1112481.4439770784,1113058.583485892
Brasília,5300108,Macapá,1600303,1782820.9586697293,1793950.9204538343,1793950.9204538355,1782803.6246569203,1793950.920453836
Campo Grande,5002704,Macapá,1600303,2298837.2232440524,2312948.674046548,2312948.674046547,2298817.8919357145,2312948.674046547
Cuiabá,5103403,Macapá,1600303,1815551.4215287943,1826238.1520771852,1826238.1520771864,1815532.771876436,1826238.1520771864
Curitiba,4106902,Macapá,1600303,2823072.4815206127,2840216.4239561846,2840216.423956185,2823053.752398141,2840216.423956185
Florianópolis,4205407,Macapá,1600303,3069227.1623476427,3087477.093282147,3087477.093282147,3069208.8003852186,3087477.093282147
Fortaleza,2304400,Macapá,1600303,1453978.1396181765,1454770.394444642,1454770.3944446424,1453974.356623505,1454770.394444642
Goiânia,5208707,Macapá,1600303,1860042.6729874408,1871919.019592964,1871919.0195929664,1860025.5303576188,1871919.0195929664
João Pessoa,2507507,Macapá,1600303,1965394.597090937,1967499.7344610528,1967499.734461054,1965385.179729171,1967499.7344610533
Macapá,1600303,Macapá,1600303,0.0,0.0,0.0,0.0,0.0
Maceió,2704302,Macapá,1600303,2009279.6240409452,2013049.42861966,2013049.428619659,2009264.5411462064,2013049.428619659
Manaus,1302603,Macapá,1600303,1055303.3756632456,1056078.0595664624,1056078.0595664594,1055299.7553777092,1056078.0595664594
Natal,2408102,Macapá,1600303,1877805.3865793492,1879274.336200251,1879274.336200252,1877798.567274345,1879274.336200252
Palmas,1721000,Macapá,1600303,1175321.7757907675,1182606.9330157798,1182606.9330157798,1175308.7296858276,1182606.9330157798
Porto Alegre,4314902,Macapá,1600303,3327533.0714147966,3347045.0714868526,3347045.071486853,3327516.1102201063,3347045.071486853
Porto Velho,1100205,Macapá,1600303,1723439.724299624,1727074.4598083736,1727074.459808377,1723425.558280262,1727074.459808377
Recife,2611606,Macapá,1600303,2006603.5755982583,2009231.8769450649,2009231.876945064,2006592.1885904856,2009231.876945064
Rio Branco,1200401,Macapá,1600303,2160798.0568316006,2164518.6347674117,2164518.6347674127,2160782.8879281715,2164518.634767413
Rio de Janeiro,3304557,Macapá,1600303,2677971.177062097,2692896.2191686984,2692896.219168701,2677948.6115200887,2692896.219168701
Salvador,2927408,Macapá,1600303,1998314.1857654336,2005072.9441988056,2005072.94419881,1998293.0734687415,2005072.9441988096
São Luís,2111300,Macapá,1600303,807108.0553057948,807784.1304598354,807784.1304598361,807104.9314717448,807784.1304598361
São Paulo,3550308,Macapá,1600303,2651051.4717185334,2666913.538696484,2666913.5386964832,2651031.4460655907,2666913.538696484
Teresina,2211001,Macapá,1600303,1079766.9117806014,1081763.103675206,1081763.103675204,1079758.751196597,1081763.103675204
Vitória,3205309,Macapá,1600303,2537962.572077571,2550532.2700683894,2550532.2700683884,2537937.6382385707,2550532.2700683884
Aracaju,2800308,Maceió,2704302,200542.4250939052,201137.06824130056,201137.0682412765,200540.56275969284,201137.0682412765
Belém,1501402,Maceió,2704302,1678703.8248652546,1681922.556022651,1681922.5560226515,1678691.0779043438,1681922.5560226515
Belo Horizonte,3106200,Maceió,2704302,1435258.856054105,1440566.8713393544,1440566.8713393512,1435246.9891225258,1440566.8713393516
Boa Vista,1400100,Maceió,2704302,3091487.742177042,3095549.002601055,3095549.0026010554,3091470.185003577,3095549.002601056
Brasília,5300108,Maceió,2704302,1486339.585573811,1488070.7579768898,1488070.7579768875,1486332.586939277,1488070.7579768875
Campo Grande,5002704,Maceió,2704302,2352327.6140182405,2355579.186672944,2355579.1866729413,2352315.753271324,2355579.186672942
Cuiabá,5103403,Maceió,2704302,2305956.537208278,2306783.6887999186,2306783.6887999177,2305952.099551182,2306783.6887999168
Curitiba,4106902,Maceió,2704302,2255202.8351604384,2262702.0619589044,2262702.0619589067,2255187.54921742,2262702.0619589067
Florianópolis,4205407,Maceió,2704302,2397035.8015349507,2406046.594977012,2406046.5949770096,2397021.256720381,2406046.5949770096
Fortaleza,2304400,Maceió,2704302,727419.7233023344,731339.432162867,731339.4321628659,727411.3451637595,731339.432162866
Goiânia,5208707,Maceió,2704302,1658539.6218522969,1660572.0368360349,1660572.0368360349,1658531.5825108786,1660572.0368360349
João Pessoa,2507507,Maceió,2704302,297981.29563927324,299721.956069065,299721.9560690709,297978.1546642584,299721.9560690708
Macapá,1600303,Maceió,2704302,2009279.6240409452,2013049.42861966,2013049.428619659,2009264.5411462064,2013049.428619659
Maceió,2704302,Maceió,2704302,0.0,0.0,0.0,0.0,0.0
Manaus,1302603,Maceió,2704302,2780977.13031876,2782109.3970234804,2782109.3970234795,2780971.4985470586,2782109.3970234804
Natal,2408102,Maceió,2704302,432336.3370192487,435116.0212898076,435116.02128981054,432332.0150428183,435116.0212898108
Palmas,1721000,Maceió,2704302,1385300.2833244114,1385180.8091734853,1385180.809173487,1385300.4066875023,1385180.809173487
Porto Alegre,4314902,Maceió,2704302,2769412.627007668,2779128.145145689,2779128.1451456887,2769397.594484765,2779128.1451456887
Porto Velho,1100205,Maceió,2704302,3095885.504533348,3095641.1077374136,3095641.1077374145,3095885.816981431,3095641.107737414
Recife,2611606,Maceió,2704302,202438.833620133,203465.88203187936,203465.88203187063,202436.61769019676,203465.88203187063
Rio Branco,1200401,Maceió,2704302,3518945.021266714,3518604.786932924,3518604.786932926,3518945.537925603,3518604.7869329257
Rio de Janeiro,3304557,Maceió,2704302,1667959.7964860646,1675471.6040205555,1675471.6040205548,1667947.891560254,1675471.6040205548
Salvador,2927408,Maceió,2704302,474214.3463726162,475981.7043284762,475981.704328478,474209.6955545505,475981.704328478
São Luís,2111300,Maceió,2704302,1230947.7029781053,1234261.0695733689,1234261.0695733712,1230935.989362757,1234261.0695733712
São Paulo,3550308,Maceió,2704302,1923650.085049667,1930650.442201994,1930650.4422019932,1923636.0324785537,1930650.4422019927
Teresina,2211001,Maceió,2704302,929801.727902755,931576.2168192331,931576.2168192372,929794.813235002,931576.2168192372
Vitória,3205309,Maceió,2704302,1276775.7434205816,1283301.9215307946,1283301.921530797,1276766.2350852152,1283301.921530797
Aracaju,2800308,Manaus,1302603,2676350.6259984807,2678047.983346976,2678047.983346974,2676342.595769312,2678047.983346973
Belém,1501402,Manaus,1302603,1295724.57746834,1295893.5910330135,1295893.5910330124,1295723.7167296663,1295893.5910330124
Belo Horizonte,3106200,Manaus,1302603,2551059.089012451,2559369.6798525206,2559369.67985252,2551035.8928476404,2559369.67985252
Boa Vista,1400100,Manaus,1302603,661112.0317078526,665507.7892539806,665507.7892539816,661104.5127714487,665507.7892539816
Brasília,5300108,Manaus,1302603,1927808.36019318,1934264.6306221392,1934264.63062214,1927789.3073470225,1934264.6306221404
Campo Grande,5002704,Manaus,1302603,2004475.828528251,2015907.5781411948,2015907.578141196,2004458.9340009843,2015907.578141196
Cuiabá,5103403,Manaus,1302603,1446085.1132197296,1454556.2337567378,1454556.2337567357,1446070.9707525638,1454556.2337567357
Curitiba,4106902,Manaus,1302603,2723255.915116007,2736596.900464003,2736596.9004640025,2723235.044462344,2736596.9004640025
Florianópolis,4205407,Manaus,1302603,2970810.286388622,2985251.695334581,2985251.6953345817,2970789.700219818,2985251.6953345817
Fortaleza,2304400,Manaus,1302603,2387650.7066037166,2387634.576603452,2387634.576603453,2387650.6923161685,2387634.576603453
Goiânia,5208707,Manaus,1302603,1907047.8400378395,1914529.501675706,1914529.5016757047,1907028.3388889816,1914529.5016757047
João Pessoa,2507507,Manaus,1302603,2823432.166765876,2823817.1090712124,2823817.109071213,2823430.0460121413,2823817.1090712124
Macapá,1600303,Manaus,1302603,1055303.3756632456,1056078.0595664624,1056078.0595664594,1055299.7553777092,1056078.0595664594
Maceió,2704302,Manaus,1302603,2780977.13031876,2782109.3970234804,2782109.3970234795,2780971.4985470586,2782109.3970234804
Manaus,1302603,Manaus,1302603,0.0,0.0,0.0,0.0,0.0
Natal,2408102,Manaus,1302603,2770391.695258736,2770546.310145971,2770546.310145972,2770390.745495898,2770546.310145972
Palmas,1721000,Manaus,1302603,1510499.2956073598,1513157.6071266537,1513157.607126653,1510488.6503727306,1513157.6071266532
Porto Alegre,4314902,Manaus,1302603,3120472.8028531675,3136776.890223238,3136776.890223238,3120455.790826194,3136776.8902232386
Porto Velho,1100205,Manaus,1302603,757363.278112404,760762.1153562017,760762.115356201,757354.3261266721,760762.1153562011
Recife,2611606,Manaus,1302603,2837566.6735906205,2838171.671181871,2838171.67118187,2837563.475819741,2838171.67118187
Rio Branco,1200401,Manaus,1302603,1148382.8643372066,1151660.855948539,1151660.855948538,1148371.620611539,1151660.855948538
Rio de Janeiro,3304557,Manaus,1302603,2843615.6925822906,2853753.4998646625,2853753.4998646616,2843590.8897459097,2853753.499864662
Salvador,2927408,Manaus,1302603,2607455.647782643,2610274.7815326727,2610274.7815326736,2607443.378147729,2610274.781532674
São Luís,2111300,Manaus,1302603,1751057.1584339836,1751058.676143954,1751058.6761439524,1751057.1030110244,1751058.676143952
São Paulo,3550308,Manaus,1302603,2679024.667323163,2690506.929831074,2690506.9298310746,2679001.492580829,2690506.9298310746
Teresina,2211001,Manaus,1302603,1924072.1438989784,1924204.967905142,1924204.967905144,1924071.3788138807,1924204.967905144
Vitória,3205309,Manaus,1302603,2862583.72422444,2870250.5585399917,2870250.558539992,2862560.0264750905,2870250.558539992
Aracaju,2800308,Natal,2408102,602038.1448448466,605500.8671277151,605500.8671277111,602031.752575086,605500.8671277111
Belém,1501402,Natal,2408102,1552247.2176620355,1553221.6867034698,1553221.6867034724,1552242.606019691,1553221.6867034724
Belo Horizonte,3106200,Natal,2408102,1825222.4603757097,1833418.7270033287,1833418.7270033315,1825205.9059723588,1833418.727003332
Boa Vista,1400100,Natal,2408102,2988411.1162876347,2990434.270304626,2990434.270304629,2988401.6014705743,2990434.270304629
Brasília,5300108,Natal,2408102,1775685.341286087,1779929.9873352994,1779929.9873352996,1775670.9884336763,1779929.9873352996
Campo Grande,5002704,Natal,2408102,2652866.607536987,2658682.0197453136,2658682.019745314,2652847.635434082,2658682.019745314
Cuiabá,5103403,Natal,2408102,2527417.471511629,2530138.602263088,2530138.6022630883,2527405.934800322,2530138.602263089
Curitiba,4106902,Natal,2408102,2638977.552924636,2649351.0058078878,2649351.005807888,2638957.403699072,2649351.005807888
Florianópolis,4205407,Natal,2408102,2795919.513770544,2807798.8911549104,2807798.891154912,2795900.4656724087,2807798.8911549114
Fortaleza,2304400,Natal,2408102,436273.4150830528,437074.3281154998,437074.3281155096,436270.1735472125,437074.32811550953
Goiânia,5208707,Natal,2408102,1950049.247334964,1954606.316779615,1954606.316779618,1950033.8922372733,1954606.316779618
João Pessoa,2507507,Natal,2408102,150755.96148385902,151692.41939603174,151692.4193960317,150754.3218942803,151692.41939603176
Macapá,1600303,Natal,2408102,1877805.3865793492,1879274.336200251,1879274.336200252,1877798.567274345,1879274.336200252
Maceió,2704302,Natal,2408102,432336.3370192487,435116.0212898076,435116.02128981054,432332.0150428183,435116.0212898108
Manaus,1302603,Natal,2408102,2770391.695258736,2770546.310145971,2770546.310145972,2770390.745495898,2770546.310145972
Natal,2408102,Natal,2408102,0.0,0.0,0.0,0.0,0.0
Palmas,1721000,Natal,2408102,1531107.606886495,1532051.7982027545,1532051.7982027528,1531103.128397567,1532051.798202753
Porto Alegre,4314902,Natal,2408102,3164964.613704842,3177544.386552353,3177544.3865523543,3164944.9947947045,3177544.386552354
Porto Velho,1100205,Natal,2408102,3185479.248248697,3185530.8663819577,3185530.8663819595,3185478.447215528,3185530.8663819595
Recife,2611606,Natal,2408102,251690.54520983712,253316.3645431659,253316.3645431648,251687.94815056148,253316.3645431648
Rio Branco,1200401,Natal,2408102,3625595.218694791,3625753.215878916,3625753.215878917,3625593.734715899,3625753.2158789183
Rio de Janeiro,3304557,Natal,2408102,2080014.58074992,2090381.744431164,2090381.7444311653,2079998.40161224,2090381.7444311653
Salvador,2927408,Natal,2408102,872785.4031631483,877438.4881955304,877438.488195536,872776.2450211091,877438.488195536
São Luís,2111300,Natal,2408102,1070724.1845878114,1071517.5828836889,1071517.5828836935,1070720.4863815529,1071517.5828836935
São Paulo,3550308,Natal,2408102,2314486.1153895184,2324367.404679171,2324367.4046791717,2314467.389878544,2324367.4046791717
Teresina,2211001,Natal,2408102,846324.247111945,846346.3900968679,846346.3900968778,846324.0555341091,846346.3900968777
Vitória,3205309,Natal,2408102,1699145.7751142387,1708497.1044187502,1708497.1044187506,1699132.049040374,1708497.104418751
Aracaju,2800308,Palmas,1721000,1237523.9894513742,1237413.3575816075,1237413.3575816066,1237524.067683792,1237413.3575816068
Belém,1501402,Palmas,1721000,971583.8484404134,978009.5540643652,978009.5540643672,971573.8437455692,978009.5540643669
Belo Horizonte,3106200,Palmas,1721000,1170919.8208131746,1176779.2616004543,1176779.261600455,1170910.9931167678,1176779.2616004553
Boa Vista,1400100,Palmas,1721000,1987894.3842083267,1994864.5940444025,1994864.5940444032,1987872.2651156904,1994864.5940444032
Brasília,5300108,Palmas,1721000,614581.5178200115,618382.1714058327,618382.1714058272,614577.0495723292,618382.1714058272
Campo Grande,5002704,Palmas,1721000,1314672.026494615,1320426.3380494523,1320426.3380494486,1314661.677654119,1320426.3380494486
Cuiabá,5103403,Palmas,1721000,1028054.9169191052,1030074.2149989324,1030074.2149989316,1028047.9344338625,1030074.2149989316
Curitiba,4106902,Palmas,1721000,1682862.4567307516,1692495.4569056896,1692495.4569056896,1682855.7192215468,1692495.456905689
Florianópolis,4205407,Palmas,1721000,1921210.151725505,1931998.69784783,1931998.6978478269,1921204.0275186896,1931998.697847828
Fortaleza,2304400,Palmas,1721000,1301925.8756606623,1304514.62911127,1304514.6291112695,1301915.8636177124,1304514.6291112695
Goiânia,5208707,Palmas,1721000,719944.9708782338,724310.5060343083,724310.5060343058,719939.8214586054,724310.5060343058
João Pessoa,2507507,Palmas,1721000,1524236.1702003723,1524636.4578985004,1524636.457898498,1524233.990308909,1524636.4578984985
Macapá,1600303,Palmas,1721000,1175321.7757907675,1182606.9330157798,1182606.9330157798,1175308.7296858276,1182606.9330157798
Maceió,2704302,Palmas,1721000,1385300.2833244114,1385180.8091734853,1385180.809173487,1385300.4066875023,1385180.809173487
Manaus,1302603,Palmas,1721000,1510499.2956073598,1513157.6071266537,1513157.607126653,1510488.6503727306,1513157.6071266532
Natal,2408102,Palmas,1721000,1531107.606886495,1532051.7982027545,1532051.7982027528,1531103.128397567,1532051.798202753
Palmas,1721000,Palmas,1721000,0.0,0.0,0.0,0.0,0.0
Porto Alegre,4314902,Palmas,1721000,2211135.053135337,2222987.026916643,2222987.026916642,2211129.3478367967,2222987.026916642
Porto Velho,1100205,Palmas,1721000,1714413.988311816,1714360.0494241172,1714360.0494241172,1714413.7524131162,1714360.0494241172
Recife,2611606,Palmas,1721000,1501051.1096749117,1501182.011099463,1501182.0110994596,1501050.1143446695,1501182.0110994598
Rio Branco,1200401,Palmas,1721000,2133688.2208616086,2133470.9008145607,2133470.9008145616,2133688.5440777964,2133470.9008145607
Rio de Janeiro,3304557,Palmas,1721000,1506031.6781766214,1513661.2871197893,1513661.287119791,1506022.1502980362,1513661.28711979
Salvador,2927408,Palmas,1721000,1116251.2558686838,1116629.8784516416,1116629.878451639,1116249.219600481,1116629.878451639
São Luís,2111300,Palmas,1721000,963388.8714223772,968351.6499404776,968351.6499404731,963377.626350374,968351.6499404736
São Paulo,3550308,Palmas,1721000,1482411.940166396,1490945.1410632145,1490945.1410632136,1482404.7828185314,1490945.141063213
Teresina,2211001,Palmas,1721000,836163.7347023388,838681.0543873946,838681.0543873934,836155.4485619417,838681.0543873932
Vitória,3205309,Palmas,1721000,1409567.4854677182,1414752.3265814865,1414752.3265814837,1409556.1606646765,1414752.326581484
Aracaju,2800308,Porto Alegre,4314902,2574606.364161636,2583720.2257007533,2583720.2257007547,2574593.342071119,2583720.2257007537
Belém,1501402,Porto Alegre,4314902,3175737.041425607,3194056.305833434,3194056.305833436,3175721.5327444626,3194056.305833436
Belo Horizonte,3106200,Porto Alegre,4314902,1339779.974642746,1344161.4008057944,1344161.400805798,1339776.8784226896,1344161.400805798
Boa Vista,1400100,Porto Alegre,4314902,3772994.700367604,3793734.488632019,3793734.48863202,3772970.301505982,3793734.488632021
Brasília,5300108,Porto Alegre,4314902,1613520.2436914707,1621471.3914671491,1621471.3914671517,1613518.5346898558,1621471.391467151
Campo Grande,5002704,Porto Alegre,4314902,1116013.20982028,1120884.7869098508,1120884.7869098485,1116013.0817286146,1120884.7869098487
Cuiabá,5103403,Porto Alegre,4314902,1674549.7584581317,1682379.873465888,1682379.8734658896,1674546.8713147214,1682379.8734658894
Curitiba,4106902,Porto Alegre,4314902,545773.7280788888,547903.3089651227,547903.3089651355,545774.3991807734,547903.3089651352
Florianópolis,4205407,Porto Alegre,4314902,374577.07164226007,375293.98475553136,375293.98475552857,374576.6379331505,375293.9847555285
Fortaleza,2304400,Porto Alegre,4314902,3203592.9448299203,3218627.1688902606,3218627.168890262,3203573.49467704,3218627.168890262
Goiânia,5208707,Porto Alegre,4314902,1491224.6990059826,1498710.6527095323,1498710.6527095337,1491224.140171911,1498710.6527095337
João Pessoa,2507507,Porto Alegre,4314902,3058766.540576485,3070226.397056031,3070226.3970560315,3058748.215260404,3070226.3970560324
Macapá,1600303,Porto Alegre,4314902,3327533.0714147966,3347045.0714868526,3347045.071486853,3327516.1102201063,3347045.071486853
Maceió,2704302,Porto Alegre,4314902,2769412.627007668,2779128.145145689,2779128.1451456887,2769397.594484765,2779128.1451456887
Manaus,1302603,Porto Alegre,4314902,3120472.8028531675,3136776.890223238,3136776.890223238,3120455.790826194,3136776.8902232386
Natal,2408102,Porto Alegre,4314902,3164964.613704842,3177544.386552353,3177544.3865523543,3164944.9947947045,3177544.386552354
Palmas,1721000,Porto Alegre,4314902,2211135.053135337,2222987.026916643,2222987.026916642,2211129.3478367967,2222987.026916642
Porto Alegre,4314902,Porto Alegre,4314902,0.0,0.0,0.0,0.0,0.0
Porto Velho,1100205,Porto Alegre,4314902,2700765.461766141,2711884.971425374,2711884.9714253736,2700751.324997669,2711884.9714253736
Recife,2611606,Porto Alegre,4314902,2970985.3545864923,2981724.8005499407,2981724.80054994,2970968.085002215,2981724.8005499407
Rio Branco,1200401,Porto Alegre,4314902,2812299.912118195,2821481.9480392,2821481.9480392006,2812284.6193275508,2821481.9480392016
Rio de Janeiro,3304557,Porto Alegre,4314902,1121523.5492981847,1123770.1551899342,1123770.1551899335,1121520.9277534531,1123770.1551899342
Salvador,2927408,Porto Alegre,4314902,2298250.5925335675,2306186.5266078585,2306186.5266078617,2298240.263024611,2306186.5266078617
São Luís,2111300,Porto Alegre,4314902,3129490.402853394,3146550.421422628,3146550.4214226278,3129474.095928839,3146550.4214226278
São Paulo,3550308,Porto Alegre,4314902,851102.2622020303,853792.0234366152,853792.0234366225,851101.3372920102,853792.023436623
Teresina,2211001,Porto Alegre,4314902,2898301.6933917804,2913175.4218864166,2913175.421886417,2898287.1994711566,2913175.421886417
Vitória,3205309,Porto Alegre,4314902,1535911.614255381,1539134.6943635878,1539134.6943635913,1535907.0631225908,1539134.6943635913
Aracaju,2800308,Porto Velho,1100205,2951927.597239247,2951763.924270562,2951763.924270563,2951927.458721102,2951763.924270563
Belém,1501402,Porto Velho,1100205,1888926.9830747396,1891181.7565170687,1891181.756517071,1888917.118353408,1891181.7565170708
Belo Horizonte,3106200,Porto Velho,1100205,2478679.3441227223,2482031.3030328234,2482031.3030328257,2478666.7984438185,2482031.3030328257
Boa Vista,1400100,Porto Velho,1100205,1330085.995427454,1338325.589653354,1338325.5896533516,1330070.6754368164,1338325.589653352
Brasília,5300108,Porto Velho,1100205,1901685.8693716128,1903434.50417973,1903434.50417973,1901678.3478198864,1903434.50417973
Campo Grande,5002704,Porto Velho,1100205,1632746.6510732542,1638833.2210772643,1638833.221077265,1632733.0443973097,1638833.2210772643
Cuiabá,5103403,Porto Velho,1100205,1136932.4846036592,1140003.8768447891,1140003.8768447947,1136922.986060317,1140003.876844795
Curitiba,4106902,Porto Velho,1100205,2408878.582919448,2416781.4645162635,2416781.4645162667,2408861.791286021,2416781.4645162667
Florianópolis,4205407,Porto Velho,1100205,2636500.688418216,2645539.31865016,2645539.3186501614,2636483.8097497667,2645539.318650162
Fortaleza,2304400,Porto Velho,1100205,2859904.984787296,2860512.517489594,2860512.517489594,2859901.724672509,2860512.517489594
Goiânia,5208707,Porto Velho,1100205,1813818.0622467012,1816235.5964362728,1816235.5964362745,1813808.6242990664,1816235.5964362745
João Pessoa,2507507,Porto Velho,1100205,3205868.166202464,3205731.467662402,3205731.467662404,3205868.1640527504,3205731.467662404
Macapá,1600303,Porto Velho,1100205,1723439.724299624,1727074.4598083736,1727074.459808377,1723425.558280262,1727074.459808377
Maceió,2704302,Porto Velho,1100205,3095885.504533348,3095641.1077374136,3095641.1077374145,3095885.816981431,3095641.107737414
Manaus,1302603,Porto Velho,1100205,757363.278112404,760762.1153562017,760762.115356201,757354.3261266721,760762.1153562011
Natal,2408102,Porto Velho,1100205,3185479.248248697,3185530.8663819577,3185530.8663819595,3185478.447215528,3185530.8663819595
Palmas,1721000,Porto Velho,1100205,1714413.988311816,1714360.0494241172,1714360.0494241172,1714413.7524131162,1714360.0494241172
Porto Alegre,4314902,Porto Velho,1100205,2700765.461766141,2711884.971425374,2711884.9714253736,2700751.324997669,2711884.9714253736
Porto Velho,1100205,Porto Velho,1100205,0.0,0.0,0.0,0.0,0.0
Recife,2611606,Porto Velho,1100205,3196547.301416121,3196331.676042712,3196331.6760427123,3196547.5999850514,3196331.6760427123
Rio Branco,1200401,Porto Velho,1100205,451499.0206016284,451721.7632172858,451721.7632172781,451497.92745942593,451721.7632172782
Rio de Janeiro,3304557,Porto Velho,1100205,2708183.756018811,2713106.9032670367,2713106.903267036,2708167.9127918137,2713106.903267036
Salvador,2927408,Porto Velho,1100205,2814314.1992864013,2814478.2819663123,2814478.281966314,2814312.454848739,2814478.281966314
São Luís,2111300,Porto Velho,1100205,2278440.9876999324,2279749.5028455807,2279749.5028455807,2278434.7325690216,2279749.50284558
São Paulo,3550308,Porto Velho,1100205,2460670.41249459,2466727.7631907794,2466727.7631907808,2460653.7520775325,2466727.7631907808
Teresina,2211001,Porto Velho,1100205,2365868.476811562,2366214.220103333,2366214.220103334,2365866.465088131,2366214.220103334
Vitória,3205309,Porto Velho,1100205,2839895.129613393,2842902.791937224,2842902.791937228,2839883.1096870704,2842902.791937227
Aracaju,2800308,Recife,2611606,397600.1191467036,399218.2204795788,399218.22047957615,397595.8823191535,399218.2204795763
Belém,1501402,Recife,2611606,1676098.1038124252,1678178.495009856,1678178.4950098533,1676089.0369291503,1678178.4950098535
Belo Horizonte,3106200,Recife,2611606,1635475.9109245036,1641809.384563413,1641809.384563411,1635461.769789128,1641809.3845634114
Boa Vista,1400100,Recife,2611606,3106500.1098660687,3109575.424660537,3109575.4246605374,3106486.211931497,3109575.424660538
Brasília,5300108,Recife,2611606,1658242.333176777,1660848.1075973231,1660848.1075973234,1658232.4392263205,1660848.1075973234
Campo Grande,5002704,Recife,2611606,2530393.194066908,2534557.602211896,2534557.602211895,2530378.528869536,2534557.602211895
Cuiabá,5103403,Recife,2611606,2456496.121927355,2457978.8566663004,2457978.856666299,2456489.109931522,2457978.8566662995
Curitiba,4106902,Recife,2611606,2454928.394788735,2463449.8120475244,2463449.812047523,2454910.820211671,2463449.812047523
Florianópolis,4205407,Recife,2611606,2598883.233063805,2608919.142691218,2608919.1426912155,2598866.4581769654,2608919.142691216
Fortaleza,2304400,Recife,2611606,627648.3174672296,630063.6124814426,630063.6124814429,627641.1575449909,630063.612481443
Goiânia,5208707,Recife,2611606,1831882.900649929,1834799.7778526184,1834799.777852618,1831871.981711629,1834799.777852618
João Pessoa,2507507,Recife,2611606,103035.69239309114,103711.81906040756,103711.81906037669,103034.67561586828,103711.81906037671
Macapá,1600303,Recife,2611606,2006603.5755982583,2009231.8769450649,2009231.876945064,2006592.1885904856,2009231.876945064
Maceió,2704302,Recife,2611606,202438.833620133,203465.88203187936,203465.88203187063,202436.61769019676,203465.88203187063
Manaus,1302603,Recife,2611606,2837566.6735906205,2838171.671181871,2838171.67118187,2837563.475819741,2838171.67118187
Natal,2408102,Recife,2611606,251690.54520983712,253316.3645431659,253316.3645431648,251687.94815056148,253316.3645431648
Palmas,1721000,Recife,2611606,1501051.1096749117,1501182.011099463,1501182.0110994596,1501050.1143446695,1501182.0110994598
Porto Alegre,4314902,Recife,2611606,2970985.3545864923,2981724.8005499407,2981724.80054994,2970968.085002215,2981724.8005499407
Porto Velho,1100205,Recife,2611606,3196547.301416121,3196331.676042712,3196331.6760427123,3196547.5999850514,3196331.6760427123
Recife,2611606,Recife,2611606,0.0,0.0,0.0,0.0,0.0
Rio Branco,1200401,Recife,2611606,3627525.180276227,3627309.258405186,3627309.2584051862,3627525.2568051713,3627309.2584051862
Rio de Janeiro,3304557,Recife,2611606,1870396.726223531,1878935.6736904455,1878935.6736904464,1870382.6065808192,1878935.6736904464
Salvador,2927408,Recife,2611606,673829.2863986904,676623.7917499767,676623.7917499819,673822.3437338014,676623.7917499817
São Luís,2111300,Recife,2611606,1207091.36726591,1209111.15256234,1209111.1525623398,1207083.0667054106,1209111.1525623396
São Paulo,3550308,Recife,2611606,2124346.504724784,2132371.5675231637,2132371.567523164,2124330.191353516,2132371.567523164
Teresina,2211001,Recife,2611606,935415.2079624668,936134.7844779862,936134.7844779908,935411.8827050516,936134.7844779908
Vitória,3205309,Recife,2611606,1478339.1099173366,1485896.3815604087,1485896.381560405,1478327.3840054236,1485896.3815604048
Aracaju,2800308,Rio Branco,1200401,3367654.701247969,3367305.17498714,3367305.174987141,3367655.167887217,3367305.17498714
Belém,1501402,Rio Branco,1200401,2337807.315797911,2340251.781348629,2340251.781348632,2337796.447644854,2340251.781348632
Belo Horizonte,3106200,Rio Branco,1200401,2791317.077963775,2793402.5038707843,2793402.503870785,2791307.9701478854,2793402.503870785
Boa Vista,1400100,Rio Branco,1200401,1622164.540603104,1630383.2780865757,1630383.2780865736,1622144.8616256518,1630383.2780865736
Brasília,5300108,Rio Branco,1200401,2251233.73844116,2252029.7339515747,2252029.7339515747,2251229.442766473,2252029.7339515747
Campo Grande,5002704,Rio Branco,1200401,1829092.535915641,1833261.529945929,1833261.529945932,1829080.0372638104,1833261.529945932
Cuiabá,5103403,Rio Branco,1200401,1416616.3836375815,1418136.4848735912,1418136.4848735936,1416610.1216350747,1418136.4848735936
Curitiba,4106902,Rio Branco,1200401,2600933.986955755,2606936.460515404,2606936.460515404,2600918.1661830745,2606936.460515404
Florianópolis,4205407,Rio Branco,1200401,2808236.168859405,2815346.331810965,2815346.331810964,2808219.661386906,2815346.331810964
Fortaleza,2304400,Rio Branco,1200401,3307603.92241526,3308400.5710644093,3308400.571064411,3307599.659908874,3308400.5710644107
Goiânia,5208707,Rio Branco,1200401,2141789.927424114,2143047.3743279306,2143047.374327932,2141783.9890308846,2143047.374327932
João Pessoa,2507507,Rio Branco,1200401,3640872.4794810098,3640783.004612701,3640783.004612702,3640872.046724478,3640783.004612702
Macapá,1600303,Rio Branco,1200401,2160798.0568316006,2164518.6347674117,2164518.6347674127,2160782.8879281715,2164518.634767413
Maceió,2704302,Rio Branco,1200401,3518945.021266714,3518604.786932924,3518604.786932926,3518945.537925603,3518604.7869329257
Manaus,1302603,Rio Branco,1200401,1148382.8643372066,1151660.855948539,1151660.855948538,1148371.620611539,1151660.855948538
Natal,2408102,Rio Branco,1200401,3625595.218694791,3625753.215878916,3625753.215878917,3625593.734715899,3625753.2158789183
Palmas,1721000,Rio Branco,1200401,2133688.2208616086,2133470.9008145607,2133470.9008145616,2133688.5440777964,2133470.9008145607
Porto Alegre,4314902,Rio Branco,1200401,2812299.912118195,2821481.9480392,2821481.9480392006,2812284.6193275508,2821481.9480392016
Porto Velho,1100205,Rio Branco,1200401,451499.0206016284,451721.7632172858,451721.7632172781,451497.92745942593,451721.7632172782
Recife,2611606,Rio Branco,1200401,3627525.180276227,3627309.258405186,3627309.2584051862,3627525.2568051713,3627309.2584051862
Rio Branco,1200401,Rio Branco,1200401,0.0,0.0,0.0,0.0,0.0
Rio de Janeiro,3304557,Rio Branco,1200401,2986579.8288532174,2989996.356326728,2989996.35632673,2986567.0997144147,2989996.356326729
Salvador,2927408,Rio Branco,1200401,3214749.112185877,3214543.407032401,3214543.407032402,3214748.7497000517,3214543.407032402
São Luís,2111300,Rio Branco,1200401,2729857.234230011,2731388.908308091,2731388.9083080925,2729849.885040285,2731388.9083080925
São Paulo,3550308,Rio Branco,1200401,2705252.0219725724,2709599.6391126444,2709599.6391126434,2705237.814696301,2709599.6391126434
Teresina,2211001,Rio Branco,1200401,2812502.723477837,2813024.2143968744,2813024.2143968777,2812499.7618235773,2813024.2143968767
Vitória,3205309,Rio Branco,1200401,3164105.4076047186,3165959.4701147694,3165959.4701147727,3164096.742557172,3165959.4701147727
Aracaju,2800308,Rio de Janeiro,3304557,1479760.81123144,1486662.7729980738,1486662.7729980743,1479751.0412395615,1486662.772998074
Belém,1501402,Rio de Janeiro,3304557,2441852.2594930893,2456098.838348233,2456098.838348235,2441833.4217095533,2456098.8383482345
Belo Horizonte,3106200,Rio de Janeiro,3304557,340885.69593357434,342626.5400041011,342626.54000411165,340884.9416082132,342626.54000411136
Boa Vista,1400100,Rio de Janeiro,3304557,3421634.8997987267,3436354.8786525456,3436354.878652545,3421601.702110704,3436354.8786525456
Brasília,5300108,Rio de Janeiro,3304557,932755.076009398,936417.7239285962,936417.7239285927,932749.7925169164,936417.7239285924
Campo Grande,5002704,Rio de Janeiro,3304557,1213499.4524354322,1213302.5119016226,1213302.5119016212,1213498.9047118924,1213302.5119016217
Cuiabá,5103403,Rio de Janeiro,3304557,1577733.4020534777,1579650.087311856,1579650.0873118574,1577727.092767019,1579650.0873118574
Curitiba,4106902,Rio de Janeiro,3304557,675794.1324772454,676055.694956754,676055.694956754,675792.963346484,676055.6949567543
Florianópolis,4205407,Rio de Janeiro,3304557,747568.045347991,749095.9998729946,749095.9998729924,747565.8691578639,749095.9998729926
Fortaleza,2304400,Rio de Janeiro,3304557,2182419.393121443,2195046.504306011,2195046.504306012,2182403.6220479542,2195046.504306012
Goiânia,5208707,Rio de Janeiro,3304557,937140.9276417588,939804.037846782,939804.037846782,937135.6279646738,939804.0378467818
João Pessoa,2507507,Rio de Janeiro,3304557,1962986.100112562,1972244.3134360812,1972244.3134360823,1962971.0250636395,1972244.3134360823
Macapá,1600303,Rio de Janeiro,3304557,2677971.177062097,2692896.2191686984,2692896.219168701,2677948.6115200887,2692896.219168701
Maceió,2704302,Rio de Janeiro,3304557,1667959.7964860646,1675471.6040205555,1675471.6040205548,1667947.891560254,1675471.6040205548
Manaus,1302603,Rio de Janeiro,3304557,2843615.6925822906,2853753.4998646625,2853753.4998646616,2843590.8897459097,2853753.499864662
Natal,2408102,Rio de Janeiro,3304557,2080014.58074992,2090381.744431164,2090381.7444311653,2079998.40161224,2090381.7444311653
Palmas,1721000,Rio de Janeiro,3304557,1506031.6781766214,1513661.2871197893,1513661.287119791,1506022.1502980362,1513661.28711979
Porto Alegre,4314902,Rio de Janeiro,3304557,1121523.5492981847,1123770.1551899342,1123770.1551899335,1121520.9277534531,1123770.1551899342
Porto Velho,1100205,Rio de Janeiro,3304557,2708183.756018811,2713106.9032670367,2713106.903267036,2708167.9127918137,2713106.903267036
Recife,2611606,Rio de Janeiro,3304557,1870396.726223531,1878935.6736904455,1878935.6736904464,1870382.6065808192,1878935.6736904464
Rio Branco,1200401,Rio de Janeiro,3304557,2986579.8288532174,2989996.356326728,2989996.35632673,2986567.0997144147,2989996.356326729
Rio de Janeiro,3304557,Rio de Janeiro,3304557,0.0,0.0,0.0,0.0,0.0
Salvador,2927408,Rio de Janeiro,3304557,1207339.1716219415,1213051.7761063222,1213051.776106324,1207332.144892844,1213051.776106324
São Luís,2111300,Rio de Janeiro,3304557,2257195.366777353,2271046.217594431,2271046.2175944312,2257179.82010474,2271046.217594431
São Paulo,3550308,Rio de Janeiro,3304557,358637.3645750555,358525.65680559253,358525.6568056069,358637.3183080976,358525.65680560685
Teresina,2211001,Rio de Janeiro,3304557,1972301.0821635784,1984278.8998913069,1984278.899891308,1972288.7045753512,1984278.899891308
Vitória,3205309,Rio de Janeiro,3304557,414813.2262190379,415787.198825447,415787.1988254488,414811.3011646491,415787.1988254486
Aracaju,2800308,Salvador,2927408,276480.0804548869,277656.1569726163,277656.1569726265,276477.3814711207,277656.15697262663
Belém,1501402,Salvador,2927408,1683723.859957129,1689995.2380789442,1689995.2380789458,1683705.564539918,1689995.2380789455
Belo Horizonte,3106200,Salvador,2927408,961647.2710148282,965186.1576883844,965186.1576883852,961640.0697383157,965186.1576883856
Boa Vista,1400100,Salvador,2927408,3009566.594654133,3016177.8643158567,3016177.864315859,3009541.603961808,3016177.864315859
Brasília,5300108,Salvador,2927408,1063139.8403239928,1063495.4064870968,1063495.4064870963,1063137.871376126,1063495.4064870966
Campo Grande,5002704,Salvador,2927408,1906913.7754144375,1908601.417629472,1908601.41762947,1906907.0100329728,1908601.41762947
Cuiabá,5103403,Salvador,2927408,1920127.2951832449,1920014.7420589607,1920014.7420589628,1920126.6702270051,1920014.7420589628
Curitiba,4106902,Salvador,2927408,1781235.4862113292,1786964.8605564246,1786964.8605564253,1781224.849588648,1786964.8605564258
Florianópolis,4205407,Salvador,2927408,1927036.003692778,1934266.9189979653,1934266.9189979676,1927026.1933313224,1934266.9189979676
Fortaleza,2304400,Salvador,2927408,1023630.5067523548,1030289.6684938566,1030289.668493858,1023620.8676070448,1030289.6684938584
Goiânia,5208707,Salvador,2927408,1228913.9682779675,1229511.1001252204,1229511.1001252192,1228911.027639018,1229511.1001252194
João Pessoa,2507507,Salvador,2927408,760568.4906565342,764094.2940937884,764094.2940937935,760560.4821187186,764094.2940937936
Macapá,1600303,Salvador,2927408,1998314.1857654336,2005072.9441988056,2005072.94419881,1998293.0734687415,2005072.9441988096
Maceió,2704302,Salvador,2927408,474214.3463726162,475981.7043284762,475981.704328478,474209.6955545505,475981.704328478
Manaus,1302603,Salvador,2927408,2607455.647782643,2610274.7815326727,2610274.7815326736,2607443.378147729,2610274.781532674
Natal,2408102,Salvador,2927408,872785.4031631483,877438.4881955304,877438.488195536,872776.2450211091,877438.488195536
Palmas,1721000,Salvador,2927408,1116251.2558686838,1116629.8784516416,1116629.878451639,1116249.219600481,1116629.878451639
Porto Alegre,4314902,Salvador,2927408,2298250.5925335675,2306186.5266078585,2306186.5266078617,2298240.263024611,2306186.5266078617
Porto Velho,1100205,Salvador,2927408,2814314.1992864013,2814478.2819663123,2814478.281966314,2814312.454848739,2814478.281966314
Recife,2611606,Salvador,2927408,673829.2863986904,676623.7917499767,676623.7917499819,673822.3437338014,676623.7917499817
Rio Branco,1200401,Salvador,2927408,3214749.112185877,3214543.407032401,3214543.407032402,3214748.7497000517,3214543.407032402
Rio de Janeiro,3304557,Salvador,2927408,1207339.1716219415,1213051.7761063222,1213051.776106324,1207332.144892844,1213051.776106324
Salvador,2927408,Salvador,2927408,0.0,0.0,0.0,0.0,0.0
São Luís,2111300,Salvador,2927408,1317928.1822410522,1324507.2483017894,1324507.248301791,1317913.4152961576,1324507.248301791
São Paulo,3550308,Salvador,2927408,1450626.612807162,1455855.5264635726,1455855.5264635738,1450617.2371747654,1455855.5264635736
Teresina,2211001,Salvador,2927408,991442.1177978724,996387.0980672569,996387.0980672628,991431.3975396644,996387.0980672628
Vitória,3205309,Salvador,2927408,835331.6572302567,839984.0906882674,839984.0906882738,835327.0086646089,839984.0906882734
Aracaju,2800308,São Luís,2111300,1221466.284019736,1226064.5670959174,1226064.5670959172,1221452.7401791676,1226064.5670959172
Belém,1501402,São Luís,2111300,483150.689142846,483349.226049729,483349.226049734,483149.7262465942,483349.22604973393
Belo Horizonte,3106200,São Luís,2111300,1922093.503856616,1934169.1591039065,1934169.1591039049,1922078.549923621,1934169.159103905
Boa Vista,1400100,São Luís,2111300,1918125.6657774344,1919359.201924248,1919359.2019242505,1918119.8424355888,1919359.2019242505
Brasília,5300108,São Luís,2111300,1518139.0527940174,1527230.2610310577,1527230.2610310582,1518124.3824365623,1527230.2610310577
Campo Grande,5002704,São Luís,2111300,2277753.7533302857,2288469.3825471173,2288469.3825471154,2277732.153037103,2288469.3825471154
Cuiabá,5103403,São Luís,2111300,1940745.9651972048,1947606.7551567524,1947606.755156754,1940726.213178908,1947606.7551567536
Curitiba,4106902,São Luís,2111300,2587508.612036184,2602427.694529933,2602427.694529931,2587491.6076865145,2602427.6945299315
Florianópolis,4205407,São Luís,2111300,2809722.069741853,2825898.1367963003,2825898.136796299,2809706.147521281,2825898.1367963
Fortaleza,2304400,São Luís,2111300,651197.4805548922,651366.5260436067,651366.5260436044,651196.6367127739,651366.5260436045
Goiânia,5208707,São Luís,2111300,1657175.947845309,1666630.9598563816,1666630.9598563807,1657159.7690742817,1666630.959856381
João Pessoa,2507507,São Luís,2111300,1160609.4406322786,1162059.71593651,1162059.7159365078,1160603.1233631636,1162059.715936508
Macapá,1600303,São Luís,2111300,807108.0553057948,807784.1304598354,807784.1304598361,807104.9314717448,807784.1304598361
Maceió,2704302,São Luís,2111300,1230947.7029781053,1234261.0695733689,1234261.0695733712,1230935.989362757,1234261.0695733712
Manaus,1302603,São Luís,2111300,1751057.1584339836,1751058.676143954,1751058.6761439524,1751057.1030110244,1751058.676143952
Natal,2408102,São Luís,2111300,1070724.1845878114,1071517.5828836889,1071517.5828836935,1070720.4863815529,1071517.5828836935
Palmas,1721000,São Luís,2111300,963388.8714223772,968351.6499404776,968351.6499404731,963377.626350374,968351.6499404736
Porto Alegre,4314902,São Luís,2111300,3129490.402853394,3146550.421422628,3146550.4214226278,3129474.095928839,3146550.4214226278
Porto Velho,1100205,São Luís,2111300,2278440.9876999324,2279749.5028455807,2279749.5028455807,2278434.7325690216,2279749.50284558
Recife,2611606,São Luís,2111300,1207091.36726591,1209111.15256234,1209111.1525623398,1207083.0667054106,1209111.1525623396
Rio Branco,1200401,São Luís,2111300,2729857.234230011,2731388.908308091,2731388.9083080925,2729849.885040285,2731388.9083080925
Rio de Janeiro,3304557,São Luís,2111300,2257195.366777353,2271046.217594431,2271046.2175944312,2257179.82010474,2271046.217594431
Salvador,2927408,São Luís,2111300,1317928.1822410522,1324507.2483017894,1324507.248301791,1317913.4152961576,1324507.248301791
São Luís,2111300,São Luís,2111300,0.0,0.0,0.0,0.0,0.0
São Paulo,3550308,São Luís,2111300,2336679.6130934474,2350815.672733637,2350815.6727336384,2336663.7086578608,2350815.672733637
Teresina,2211001,São Luís,2111300,326646.133841788,328279.54765809444,328279.5476580957,326642.08917386003,328279.54765809566
Vitória,3205309,São Luís,2111300,2013301.9009308435,2025330.355795683,2025330.355795683,2013285.4142629337,2025330.355795683
Aracaju,2800308,São Paulo,3550308,1727092.522452523,1733497.1561587343,1733497.1561587327,1727080.449288315,1733497.156158732
Belém,1501402,São Paulo,3550308,2450774.371209066,2465752.7709376705,2465752.7709376705,2450757.303646615,2465752.770937671
Belo Horizonte,3106200,São Paulo,3550308,489538.3550705974,491225.6900800054,491225.690080009,489536.1884395945,491225.6900800092
Boa Vista,1400100,São Paulo,3550308,3289156.473372956,3305205.465124823,3305205.465124825,3289125.6816814453,3305205.465124825
Brasília,5300108,São Paulo,3550308,868889.1454708398,873615.865030226,873615.8650302242,868886.4296070975,873615.8650302235
Campo Grande,5002704,São Paulo,3550308,892782.2382596058,893121.1720875723,893121.1720875682,892780.5709520383,893121.1720875681
Cuiabá,5103403,São Paulo,3550308,1324188.9065896217,1327170.535821871,1327170.5358218756,1324181.7464211537,1327170.535821875
Curitiba,4106902,São Paulo,3550308,338339.80117622553,338866.602125472,338866.6021254761,338338.7550769045,338866.6021254763
Florianópolis,4205407,São Paulo,3550308,489075.8029460772,491039.6541817936,491039.6541817973,489075.5188865071,491039.654181798
Fortaleza,2304400,São Paulo,3550308,2359245.8742158557,2371591.6695157997,2371591.6695157997,2359227.4469134165,2371591.6695157997
Goiânia,5208707,São Paulo,3550308,806045.4137147872,809955.0485533876,809955.0485533924,806042.2550385798,809955.0485533923
João Pessoa,2507507,São Paulo,3550308,2210401.4305732786,2219152.118031266,2219152.1180312675,2210384.026935202,2219152.1180312675
Macapá,1600303,São Paulo,3550308,2651051.4717185334,2666913.538696484,2666913.5386964832,2651031.4460655907,2666913.538696484
Maceió,2704302,São Paulo,3550308,1923650.085049667,1930650.442201994,1930650.4422019932,1923636.0324785537,1930650.4422019927
Manaus,1302603,São Paulo,3550308,2679024.667323163,2690506.929831074,2690506.9298310746,2679001.492580829,2690506.9298310746
Natal,2408102,São Paulo,3550308,2314486.1153895184,2324367.404679171,2324367.4046791717,2314467.389878544,2324367.4046791717
Palmas,1721000,São Paulo,3550308,1482411.940166396,1490945.1410632145,1490945.1410632136,1482404.7828185314,1490945.141063213
Porto Alegre,4314902,São Paulo,3550308,851102.2622020303,853792.0234366152,853792.0234366225,851101.3372920102,853792.023436623
Porto Velho,1100205,São Paulo,3550308,2460670.41249459,2466727.7631907794,2466727.7631907808,2460653.7520775325,2466727.7631907808
Recife,2611606,São Paulo,3550308,2124346.504724784,2132371.5675231637,2132371.567523164,2124330.191353516,2132371.567523164
Rio Branco,1200401,São Paulo,3550308,2705252.0219725724,2709599.6391126444,2709599.6391126434,2705237.814696301,2709599.6391126434
Rio de Janeiro,3304557,São Paulo,3550308,358637.3645750555,358525.65680559253,358525.6568056069,358637.3183080976,358525.65680560685
Salvador,2927408,São Paulo,3550308,1450626.612807162,1455855.5264635726,1455855.5264635738,1450617.2371747654,1455855.5264635736
São Luís,2111300,São Paulo,3550308,2336679.6130934474,2350815.672733637,2350815.6727336384,2336663.7086578608,2350815.672733637
São Paulo,3550308,São Paulo,3550308,0.0,0.0,0.0,0.0,0.0
Teresina,2211001,São Paulo,3550308,2081625.452833003,2093700.5264134903,2093700.5264134912,2081611.816736676,2093700.5264134912
Vitória,3205309,São Paulo,3550308,744284.8443984711,744927.6950959014,744927.695095903,744282.702919191,744927.695095903
Aracaju,2800308,Teresina,2211001,901871.8109698182,904846.172888796,904846.1728887936,901862.534969572,904846.1728887936
Belém,1501402,Teresina,2211001,748977.1829010003,750421.4267826386,750421.4267826391,748971.35292862,750421.4267826391
Belo Horizonte,3106200,Teresina,2211001,1643883.5749641575,1654042.7873846998,1654042.7873846986,1643871.57317629,1654042.787384699
Boa Vista,1400100,Teresina,2211001,2171727.045211898,2174092.2033740897,2174092.20337409,2171716.440147985,2174092.20337409
Brasília,5300108,Teresina,2211001,1308281.553446435,1315073.2451975408,1315073.2451975425,1308268.4646671857,1315073.2451975425
Campo Grande,5002704,Teresina,2211001,2126930.271661897,2135204.099238769,2135204.0992387664,2126910.938742398,2135204.099238767
Cuiabá,5103403,Teresina,2211001,1861264.2724877584,1865778.6441122333,1865778.6441122345,1861248.947980184,1865778.6441122345
Curitiba,4106902,Teresina,2211001,2352795.289192121,2365540.623036218,2365540.623036219,2352780.1268098587,2365540.6230362197
Florianópolis,4205407,Teresina,2211001,2563777.4799219426,2577842.419528312,2577842.419528314,2563763.6217461457,2577842.419528313
Fortaleza,2304400,Teresina,2211001,496790.80279311846,497093.76128787926,497093.76128787774,496789.3652336487,497093.76128787774
Goiânia,5208707,Teresina,2211001,1463547.7443269617,1470642.6291699817,1470642.629169984,1463533.166552807,1470642.6291699845
João Pessoa,2507507,Teresina,2211001,906801.4375705814,907135.7454245551,907135.7454245572,906799.764891484,907135.7454245572
Macapá,1600303,Teresina,2211001,1079766.9117806014,1081763.103675206,1081763.103675204,1079758.751196597,1081763.103675204
Maceió,2704302,Teresina,2211001,929801.727902755,931576.2168192331,931576.2168192372,929794.813235002,931576.2168192372
Manaus,1302603,Teresina,2211001,1924072.1438989784,1924204.967905142,1924204.967905144,1924071.3788138807,1924204.967905144
Natal,2408102,Teresina,2211001,846324.247111945,846346.3900968679,846346.3900968778,846324.0555341091,846346.3900968777
Palmas,1721000,Teresina,2211001,836163.7347023388,838681.0543873946,838681.0543873934,836155.4485619417,838681.0543873932
Porto Alegre,4314902,Teresina,2211001,2898301.6933917804,2913175.4218864166,2913175.421886417,2898287.1994711566,2913175.421886417
Porto Velho,1100205,Teresina,2211001,2365868.476811562,2366214.220103333,2366214.220103334,2365866.465088131,2366214.220103334
Recife,2611606,Teresina,2211001,935415.2079624668,936134.7844779862,936134.7844779908,935411.8827050516,936134.7844779908
Rio Branco,1200401,Teresina,2211001,2812502.723477837,2813024.2143968744,2813024.2143968777,2812499.7618235773,2813024.2143968767
Rio de Janeiro,3304557,Teresina,2211001,1972301.0821635784,1984278.8998913069,1984278.899891308,1972288.7045753512,1984278.899891308
Salvador,2927408,Teresina,2211001,991442.1177978724,996387.0980672569,996387.0980672628,991431.3975396644,996387.0980672628
São Luís,2111300,Teresina,2211001,326646.133841788,328279.54765809444,328279.5476580957,326642.08917386003,328279.54765809566
São Paulo,3550308,Teresina,2211001,2081625.452833003,2093700.5264134903,2093700.5264134912,2081611.816736676,2093700.5264134912
Teresina,2211001,Teresina,2211001,0.0,0.0,0.0,0.0,0.0
Vitória,3205309,Teresina,2211001,1705681.609193785,1715980.988645187,1715980.9886451892,1705668.9661945242,1715980.9886451892
Aracaju,2800308,Vitória,3205309,1097362.0918092616,1103248.69646574,1103248.696465745,1097354.752358434,1103248.696465745
Belém,1501402,Vitória,3205309,2268056.4045783007,2280092.6279923897,2280092.6279923893,2268035.310498387,2280092.6279923897
Belo Horizonte,3106200,Vitória,3205309,380549.317219245,380430.18291095074,380430.18291095307,380549.3729958991,380430.1829109529
Boa Vista,1400100,Vitória,3205309,3390725.865184368,3402889.6624662634,3402889.6624662643,3390692.213603468,3402889.6624662643
Brasília,5300108,Vitória,3205309,949673.690382439,950986.7540125786,950986.754012577,949669.3629230376,950986.7540125768
Campo Grande,5002704,Vitória,3205309,1494151.202681503,1493545.3208559365,1493545.320855933,1494151.8485254347,1493545.320855933
Cuiabá,5103403,Vitória,3205309,1750514.55240726,1750905.835979047,1750905.8359790486,1750511.8956087604,1750905.8359790484
Curitiba,4106902,Vitória,3205309,1078098.799132866,1079249.8865232822,1079249.8865232847,1078095.5167080672,1079249.886523285
Florianópolis,4205407,Vitória,3205309,1162266.8333697163,1164769.7322215424,1164769.7322215412,1162262.7321522192,1164769.7322215417
Fortaleza,2304400,Vitória,3205309,1846337.331269538,1857725.4562861084,1857725.4562861095,1846323.3966708104,1857725.4562861095
Goiânia,5208707,Vitória,3205309,1026819.763467874,1027427.1603939756,1027427.1603939772,1026817.091387356,1027427.160393977
João Pessoa,2507507,Vitória,3205309,1574360.1294682156,1582627.719946403,1582627.7199464063,1574347.4781909585,1582627.719946406
Macapá,1600303,Vitória,3205309,2537962.572077571,2550532.2700683894,2550532.2700683884,2537937.6382385707,2550532.2700683884
Maceió,2704302,Vitória,3205309,1276775.7434205816,1283301.9215307946,1283301.921530797,1276766.2350852152,1283301.921530797
Manaus,1302603,Vitória,3205309,2862583.72422444,2870250.5585399917,2870250.558539992,2862560.0264750905,2870250.558539992
Natal,2408102,Vitória,3205309,1699145.7751142387,1708497.1044187502,1708497.1044187506,1699132.049040374,1708497.104418751
Palmas,1721000,Vitória,3205309,1409567.4854677182,1414752.3265814865,1414752.3265814837,1409556.1606646765,1414752.326581484
Porto Alegre,4314902,Vitória,3205309,1535911.614255381,1539134.6943635878,1539134.6943635913,1535907.0631225908,1539134.6943635913
Porto Velho,1100205,Vitória,3205309,2839895.129613393,2842902.791937224,2842902.791937228,2839883.1096870704,2842902.791937227
Recife,2611606,Vitória,3205309,1478339.1099173366,1485896.3815604087,1485896.381560405,1478327.3840054236,1485896.3815604048
Rio Branco,1200401,Vitória,3205309,3164105.4076047186,3165959.4701147694,3165959.4701147727,3164096.742557172,3165959.4701147727
Rio de Janeiro,3304557,Vitória,3205309,414813.2262190379,415787.198825447,415787.1988254488,414811.3011646491,415787.1988254486
Salvador,2927408,Vitória,3205309,835331.6572302567,839984.0906882674,839984.0906882738,835327.0086646089,839984.0906882734
São Luís,2111300,Vitória,3205309,2013301.9009308435,2025330.355795683,2025330.355795683,2013285.4142629337,2025330.355795683
São Paulo,3550308,Vitória,3205309,744284.8443984711,744927.6950959014,744927.695095903,744282.702919191,744927.695095903
Teresina,2211001,Vitória,3205309,1705681.609193785,1715980.988645187,1715980.9886451892,1705668.9661945242,1715980.9886451892
Vitória,3205309,Vitória,3205309,0.0,0.0,0.0,0.0,0.0
